 Counter,Name,Pattern, TYPE_ACC0_MEAN, TYPE_ACC1_MEAN, TYPE_ACC2_MEAN, TYPE_MAG0_MEAN, TYPE_MAG1_MEAN, TYPE_MAG2_MEAN, TYPE_GYRO0_MEAN, TYPE_GYRO1_MEAN, TYPE_GYRO2_MEAN, TYPE_ROTATION0_MEAN, TYPE_ROTATION1_MEAN, TYPE_ROTATION2_MEAN, TYPE_LINEAR0_MEAN, TYPE_LINEAR1_MEAN, TYPE_LINEAR2_MEAN, TYPE_GRAVITY0_MEAN, TYPE_GRAVITY1_MEAN, TYPE_GRAVITY2_MEAN, velocity_x_MEAN, velocity_y_MEAN,pressure_MEAN,size_MEAN, TYPE_ACC0_SD, TYPE_ACC1_SD, TYPE_ACC2_SD, TYPE_MAG0_SD, TYPE_MAG1_SD, TYPE_MAG2_SD, TYPE_GYRO0_SD, TYPE_GYRO1_SD, TYPE_GYRO2_SD, TYPE_ROTATION0_SD, TYPE_ROTATION1_SD, TYPE_ROTATION2_SD, TYPE_LINEAR0_SD, TYPE_LINEAR1_SD, TYPE_LINEAR2_SD, TYPE_GRAVITY0_SD, TYPE_GRAVITY1_SD, TYPE_GRAVITY2_SD, velocity_x_SD, velocity_y_SD, pressure_SD, size_SD
0,James,A,-0.939956668,5.5167145,8.1115416,-0.939956668,5.5167145,8.1115416,-0.7839019784,4.4650238226,6.4572966904,-0.7839019784,4.4650238226,6.4572966904,-0.7839019784,4.4650238226,6.4572966904,-0.7839019784,4.4650238226,6.4572966904,434.45724,-498.49166,0.5225,0.0133333342,0.2181350004,0.1857210037,0.214437787,0.2181350004,0.1857210037,0.214437787,0.49366117,2.5004340705,3.6459488209,0.49366117,2.5004340705,3.6459488209,0.49366117,2.5004340705,3.6459488209,0.49366117,2.5004340705,3.6459488209,1592.8597105629,1866.6068008481,0.1574702353,0.0059473533
1,James,A,-1.2633336167,5.631157,8.0987802167,15.9019446167,-3.7033842833,-5.60935195,15.9019446167,-3.7033842833,-5.60935195,16.1365408617,-4.5910236433,-6.82034539,16.1365408617,-4.5910236433,-6.82034539,16.1365408617,-4.5910236433,-6.82034539,492.9890666667,-295.6678333333,0.4375,0.0124183015,0.0798791754,0.1175928911,0.260688558,18.7354690004,10.1913451793,15.0757408488,18.7354690004,10.1913451793,15.0757408488,18.485215794,9.4251127119,14.0284437536,18.485215794,9.4251127119,14.0284437536,18.485215794,9.4251127119,14.0284437536,1240.5600608026,1403.0211567207,0.0918558654,0.0052123928
2,James,A,-1.28647615,5.75246175,8.0469028833,-1.28647615,5.75246175,8.0469028833,-1.03035483,4.7485173567,6.7071304155,-0.8327229883,3.89695485,5.4391276655,-0.8327229883,3.89695485,5.4391276655,-0.8327229883,3.89695485,5.4391276655,341.7732,-712.0381666667,0.6208333667,0.016993465,0.2497050749,0.2271825514,0.124010279,0.2497050749,0.2271825514,0.124010279,0.4944747904,2.3981223697,3.2688258881,0.7012524552,2.9750591126,3.9578841413,0.7012524552,2.9750591126,3.9578841413,0.7012524552,2.9750591126,3.9578841413,1355.4611332897,1806.3794697991,0.0714434672,0.0053578832
3,James,A,-0.9113820417,5.4795226667,8.2767459167,-0.9113820417,5.4795226667,8.2767459167,-0.7566197683,4.5873514267,6.9016086183,-0.23813883,1.937014255,2.974507595,-0.23813883,1.937014255,2.974507595,-0.23813883,1.937014255,2.974507595,336.2786333333,-625.2725333333,0.6187500067,0.013725491,0.462782904,0.3102278603,0.4323456173,0.462782904,0.3102278603,0.4323456173,0.5595673722,2.2092121451,3.3503407179,0.6722960826,2.6986930256,3.8323215211,0.6722960826,2.6986930256,3.8323215211,0.6722960826,2.6986930256,3.8323215211,1519.1444411111,2072.8476584896,0.0153093272,0.0041129758
4,James,A,-1.1140925167,5.26404315,8.4395548333,4.6327489333,2.6550444833,3.2728678333,4.6327489333,2.6550444833,3.2728678333,4.6327489333,2.6550444833,3.2728678333,4.6327489333,2.6550444833,3.2728678333,4.6327489333,2.6550444833,3.2728678333,194.46195,-391.55705,0.5125000233,0.0156862753,0.5116323002,0.3588271,0.2614076439,14.1052586048,6.2869534407,12.593788453,14.1052586048,6.2869534407,12.593788453,14.1052586048,6.2869534407,12.593788453,14.1052586048,6.2869534407,12.593788453,14.1052586048,6.2869534407,12.593788453,1429.7870877358,1861.297157433,0.1376135945,0.0035075575
5,James,A,-1.1771418333,5.5585302167,8.1315002333,-1.1771418333,5.5585302167,8.1315002333,-0.2130711935,0.895876551,1.4246165208,-0.2130711935,0.895876551,1.4246165208,-0.2130711935,0.895876551,1.4246165208,-0.2130711935,0.895876551,1.4246165208,472.0158333333,-477.8234166667,0.4166666683,0.0084967327,0.2307355049,0.3039087933,0.3156637785,0.2307355049,0.3039087933,0.3156637785,0.6707283411,2.302147168,3.5199555398,0.6707283411,2.302147168,3.5199555398,0.6707283411,2.302147168,3.5199555398,0.6707283411,2.302147168,3.5199555398,2032.4090753241,2386.9760386927,0.1592299152,0.0038556552
6,James,A,-1.3599014,5.6000315333,8.201729,-1.3599014,5.6000315333,8.201729,-1.3599014,5.6000315333,8.201729,-1.3599014,5.6000315333,8.201729,-0.7396265492,2.8422877,4.1952312113,-0.7396265492,2.8422877,4.1952312113,355.6222833333,-442.4254,0.4354166733,0.0111111118,0.2405860474,0.2314983191,0.2518982592,0.2405860474,0.2314983191,0.2518982592,0.2405860474,0.2314983191,0.2518982592,0.2405860474,0.2314983191,0.2518982592,0.6308063193,3.0037299086,4.3875787071,0.6308063193,3.0037299086,4.3875787071,1529.5070625589,1490.3283410334,0.1430508298,0.0038556551
7,James,A,-1.160382575,5.4827117833,8.2735546667,-1.160382575,5.4827117833,8.2735546667,-0.3479334558,1.7323150627,2.7709656702,-0.2864659683,1.86820984,3.0832876605,-0.2864659683,1.86820984,3.0832876605,-0.2864659683,1.86820984,3.0832876605,382.9116166667,-372.5204166667,0.4416666867,0.0091503273,0.1950316887,0.3077491611,0.1522476885,0.1950316887,0.3077491611,0.1522476885,0.6001522994,2.7336500114,4.2944832604,0.6518668165,2.6303134132,4.0589576348,0.6518668165,2.6303134132,4.0589576348,0.6518668165,2.6303134132,4.0589576348,1631.30600015,1748.7471002511,0.1665207839,0.0059040994
8,James,A,-1.25295765,5.49548335,8.1969453333,-1.25295765,5.49548335,8.1969453333,-1.068010955,4.6316578767,6.8921027037,-1.05236561,4.6778513167,6.9959667333,-1.05236561,4.6778513167,6.9959667333,-1.05236561,4.6778513167,6.9959667333,307.1826166667,-475.1262833333,0.5875000067,0.0150326803,0.2145993423,0.1908944751,0.2079601022,0.2145993423,0.1908944751,0.2079601022,0.5946903147,2.2912578491,3.382466687,0.6312748433,2.1781774792,3.1281616154,0.6312748433,2.1781774792,3.1281616154,0.6312748433,2.1781774792,3.1281616154,1583.2558219619,1753.83307822,0.0306186381,0.0016009734
9,James,A,-1.1986872333,5.4723357333,8.3254316667,-1.1986872333,5.4723357333,8.3254316667,-0.1201655063,0.8519261702,1.408935539,-0.1201655063,0.8519261702,1.408935539,0.0813929237,-0.0499852498,0.060874939,0.0813929237,-0.0499852498,0.060874939,333.7384333333,-636.4654833333,0.47083335,0.0117647067,0.284765946,0.1810939325,0.1776376879,0.284765946,0.1810939325,0.1776376879,0.3560644622,2.1154852708,3.4408233739,0.3560644622,2.1154852708,3.4408233739,0.1772549752,0.1054212661,0.1400836005,0.1772549752,0.1054212661,0.1400836005,1759.3612187078,1865.5188836101,0.0510310281,0.0035075575
10,James,A,-1.3974049833,5.4100876667,8.215294,32.2756451667,-8.9126588333,-22.6786295,32.2756451667,-8.9126588333,-22.6786295,26.621411795,-7.295735815,-18.7284698167,26.621411795,-7.295735815,-18.7284698167,26.621411795,-7.295735815,-18.7284698167,410.4773333333,-483.9095666667,0.43750001,0.0091503275,0.289859343,0.1205584796,0.1377409206,1.115682177,0.7414169967,0.345994084,1.115682177,0.7414169967,0.345994084,12.9716626757,3.7548279504,9.4756669649,12.9716626757,3.7548279504,9.4756669649,12.9716626757,3.7548279504,9.4756669649,1807.3074537388,1666.0671424141,0.1409787122,0.0047492556
11,James,A,-1.4692357333,5.4779281667,8.0540849167,4.0712101667,3.0588429167,2.8827795,4.0712101667,3.0588429167,2.8827795,4.0712101667,3.0588429167,2.8827795,4.0712101667,3.0588429167,2.8827795,4.0712101667,3.0588429167,2.8827795,225.1277833333,-744.0956333333,0.4479166733,0.010457517,0.2084105568,0.1063333654,0.2992333806,13.6904203863,5.9650573005,12.5669842084,13.6904203863,5.9650573005,12.5669842084,13.6904203863,5.9650573005,12.5669842084,13.6904203863,5.9650573005,12.5669842084,13.6904203863,5.9650573005,12.5669842084,1615.7445292646,1524.8034374771,0.1437046927,0.0053578829
12,James,A,-1.57617185,5.6088078833,8.1498567333,-1.57617185,5.6088078833,8.1498567333,-1.57617185,5.6088078833,8.1498567333,-0.47332763,2.0248540533,3.0482864667,-0.47332763,2.0248540533,3.0482864667,-0.47332763,2.0248540533,3.0482864667,-15.3635666667,-606.72985,0.4812500367,0.011111112,0.2110951902,0.1259040275,0.1739707425,0.2110951902,0.1259040275,0.1739707425,0.2110951902,0.1259040275,0.1739707425,1.0218367536,2.7554442104,3.8033735725,1.0218367536,2.7554442104,3.8033735725,1.0218367536,2.7554442104,3.8033735725,1931.4533777039,1786.1534500345,0.1071651844,0.0038556553
13,James,A,-1.5115331,5.5393752667,8.2009328333,15.6237080333,-1.9011613333,-7.1029788333,15.8562138267,-2.8048045867,-8.4768954182,15.8562138267,-2.8048045867,-8.4768954182,15.8562138267,-2.8048045867,-8.4768954182,15.8562138267,-2.8048045867,-8.4768954182,148.3589833333,-574.8501,0.4729166733,0.0124183015,0.2577332186,0.1685505332,0.1598140673,18.7199710814,8.0306369758,16.7073494907,18.4773963931,7.3233354954,15.4861015732,18.4773963931,7.3233354954,15.4861015732,18.4773963931,7.3233354954,15.4861015732,18.4773963931,7.3233354954,15.4861015732,1447.007513079,1609.0598312917,0.0255155345,0.0052123928
14,James,A,-1.4700342667,5.4859059833,8.1346895,4.0347748,3.0287882667,3.0422211667,4.3257446507,2.1015599683,1.6979168253,-0.9217605477,3.7190857083,5.5349987253,-0.9217605477,3.7190857083,5.5349987253,-0.9217605477,3.7190857083,5.5349987253,19.2099833333,-615.5238333333,0.5020833333,0.013071896,0.1955596119,0.1449373328,0.1489648975,13.5380669421,6.1208253249,12.4791354647,13.4047479972,6.0912703618,12.2663616535,0.7579585237,2.8116953276,4.0766524705,0.7579585237,2.8116953276,4.0766524705,0.7579585237,2.8116953276,4.0766524705,1387.2412595832,1769.7268080076,0.1421743355,0.0047492555
15,James,A,-1.3479309167,5.5250116667,8.1610235833,4.4188639333,3.1718902667,3.1138764167,4.8347193445,1.3210831072,0.3304775098,4.8845316612,1.3642934555,0.433993137,4.8845316612,1.3642934555,0.433993137,4.8845316612,1.3642934555,0.433993137,233.041334,-659.9540833333,0.4666666667,0.0117647068,0.1941479792,0.1664993808,0.1482896058,14.2019000296,5.8509292405,12.3505262163,14.0126872898,5.6493333059,11.6741939997,13.9920843958,5.6379923603,11.6730910046,13.9920843958,5.6379923603,11.6730910046,13.9920843958,5.6379923603,11.6730910046,1659.9975001502,2043.8184251874,0.0510310363,0.0024802177
16,James,A,-1.44449105,5.48511005,8.2703603333,9.93936425,0.7780685167,-2.197581,10.4397711615,-1.0434926637,-5.0501378922,10.4520290557,-0.9902496627,-4.9548213197,10.4520290557,-0.9902496627,-4.9548213197,10.4520290557,-0.9902496627,-4.9548213197,274.6006,-601.3695166667,0.3833333333,0.0098039223,0.109335413,0.1721435134,0.3225595674,17.6398444503,7.398563251,16.3226304244,17.2647462958,6.5168414699,14.5659715,17.2559663111,6.5275744884,14.6075816614,17.2559663111,6.5275744884,14.6075816614,17.2559663111,6.5275744884,14.6075816614,1863.3267005936,2137.8039840851,0.0510310363,0.004112976
17,James,A,-1.5490392167,5.50026955,8.15224955,-1.5490392167,5.50026955,8.15224955,-0.9521611543,3.5715026777,5.52715292,-0.9521611543,3.5715026777,5.52715292,-0.474070246,1.7840855777,2.8323796033,-0.474070246,1.7840855777,2.8323796033,78.06395,-423.0587166667,0.4354166833,0.0137254908,0.1789826111,0.1829977823,0.1932927559,0.1789826111,0.1829977823,0.1932927559,0.7827500164,2.8070297705,4.2472604409,0.7827500164,2.8070297705,4.2472604409,0.6820157252,2.7966474723,4.1666194301,0.6820157252,2.7966474723,4.1666194301,1752.6228909315,2251.6312267533,0.0357217336,0.0032810195
18,James,A,-1.43252055,5.3526280667,8.1394807167,-1.43252055,5.3526280667,8.1394807167,-0.4976883048,1.8773371237,2.7639593863,-0.4976883048,1.8773371237,2.7639593863,-0.4976883048,1.8773371237,2.7639593863,-0.4976883048,1.8773371237,2.7639593863,330.8584166667,-867.53755,0.41041667,0.0104575168,0.1714108809,0.1980255788,0.2149908135,0.1714108809,0.1980255788,0.2149908135,0.82741962,2.8503431125,4.2943191679,0.82741962,2.8503431125,4.2943191679,0.82741962,2.8503431125,4.2943191679,0.82741962,2.8503431125,4.2943191679,1595.6942167868,2317.2408706126,0.1067756619,0.0059040993
19,James,A,-1.4412994333,5.4460068333,8.3006873333,9.5247015167,0.7674179667,-1.75547,9.5247015167,0.7674179667,-1.75547,10.1403580567,-1.0184096833,-4.3166171333,10.1403580567,-1.0184096833,-4.3166171333,10.1403580567,-1.0184096833,-4.3166171333,295.6758166667,-562.31325,0.4916667033,0.0130718963,0.2452980861,0.1806297298,0.1476124569,17.0179722974,7.2566990748,15.6272736328,17.0179722974,7.2566990748,15.6272736328,16.5526122495,6.294577975,14.0830757863,16.5526122495,6.294577975,14.0830757863,16.5526122495,6.294577975,14.0830757863,1721.926632585,2103.8104384985,0.0816496663,0.002025089
20,James,A,-1.5251007,5.4124858333,8.3629404333,15.2976177333,-2.037094,-7.4191209,15.2976177333,-2.037094,-7.4191209,15.53285231,-2.8466083633,-8.77952585,15.53285231,-2.8466083633,-8.77952585,15.53285231,-2.8466083633,-8.77952585,398.7462666667,-583.3147066667,0.5666666733,0.0143790857,0.1958013991,0.2609853463,0.3513846051,18.3769182979,7.9548152434,17.1170665865,18.3769182979,7.9548152434,17.1170665865,18.1303767784,7.3047544039,15.8523197431,18.1303767784,7.3047544039,15.8523197431,18.1303767784,7.3047544039,15.8523197431,1716.671467842,1403.7360598474,0.0204123982,0.0040501786
21,James,A,-1.4652430333,5.4795202167,8.0357308833,9.93084725,0.8721999667,-2.4028116167,10.4548239043,-0.9696630623,-5.0263010067,10.4548239043,-0.9696630623,-5.0263010067,10.42619333,-0.93806211,-5.0791727113,10.42619333,-0.93806211,-5.0791727113,299.6672333333,-512.8862,0.3729166667,0.0111111117,0.1310212708,0.054884583,0.2886803219,17.7147428227,7.1469462934,15.9676126933,17.3209848235,6.2347315795,14.3644008649,17.3209848235,6.2347315795,14.3644008649,17.341749702,6.2405143253,14.3420918463,17.341749702,6.2405143253,14.3420918463,1531.4727268246,1935.4396856235,0.0663403472,0.0052123927
22,James,A,-1.42374165,5.4013111833,8.1059622667,9.8377635667,0.70623785,-2.2871321667,9.8377635667,0.70623785,-2.2871321667,4.8117447133,1.3079910817,0.21136482,4.8117447133,1.3079910817,0.21136482,4.8117447133,1.3079910817,0.21136482,32.7176833333,-582.0189166667,0.5145833333,0.0124183012,0.1416749525,0.1473923892,0.1369955238,17.4483802966,7.3404826233,16.1358509731,17.4483802966,7.3404826233,16.1358509731,13.6026015034,5.6316666609,12.5463310573,13.6026015034,5.6316666609,12.5463310573,13.6026015034,5.6316666609,12.5463310573,1725.4671580997,1679.9534937058,0.0561341399,0.0052123927
23,James,A,-1.5777715167,5.3813603667,8.1602300667,4.02624515,3.0934041,3.3018824,4.02624515,3.0934041,3.3018824,4.6953684933,1.3752593733,0.6787642667,4.6953684933,1.3752593733,0.6787642667,4.6953684933,1.3752593733,0.6787642667,389.5876,-1062.7985783333,0.4520833333,0.009803922,0.2435778613,0.0718340344,0.3160675891,13.883080991,5.6406377997,12.116566204,13.883080991,5.6406377997,12.116566204,13.5799540271,5.4235113332,11.4413939721,13.5799540271,5.4235113332,11.4413939721,13.5799540271,5.4235113332,11.4413939721,1647.9400998261,2410.4363666511,0.1660979881,0.0064437949
24,James,A,-1.5697911667,5.4811172333,8.1682103167,4.2544632,3.1708144667,3.09791815,5.044080112,0.3820622193,-1.0755285418,5.044080112,0.3820622193,-1.0755285418,5.044080112,0.3820622193,-1.0755285418,5.044080112,0.3820622193,-1.0755285418,426.6774333333,-703.7100166667,0.4895833667,0.0137254908,0.1946879653,0.1337495331,0.3138722638,14.2826301354,5.6797609547,12.3455705066,13.9190036038,5.0465957303,10.9809536294,13.9190036038,5.0465957303,10.9809536294,13.9190036038,5.0465957303,10.9809536294,13.9190036038,5.0465957303,10.9809536294,1759.091957912,1941.8813334143,0.0867527781,0.0032810195
25,James,A,-1.4835993167,5.4444096667,8.0716425833,4.0839818,2.9984639167,2.78441375,4.64789068,1.1064147767,0.1463623883,4.64789068,1.1064147767,0.1463623883,-0.4409535687,1.76783752,2.73699949,-0.4409535687,1.76783752,2.73699949,323.09785,-355.1359333333,0.4312500067,0.0130718962,0.106156254,0.1863119205,0.160353649,13.6834230451,6.1068735666,12.842865,13.4275034806,5.8203388895,12.2055240352,13.4275034806,5.8203388895,12.2055240352,0.7400264129,2.850388156,4.1964370455,0.7400264129,2.850388156,4.1964370455,1840.7510034278,1833.2126748473,0.045927949,0.0047492554
26,James,A,-1.5905405833,5.4579747833,8.12271625,-1.5905405833,5.4579747833,8.12271625,-1.3563970163,4.58121746,6.811846392,-1.3563970163,4.58121746,6.811846392,-0.639811208,1.87661746,2.785199477,-0.639811208,1.87661746,2.785199477,137.4738783333,-924.4696666667,0.4854166667,0.0117647068,0.2153708841,0.1612125773,0.2285368083,0.2153708841,0.1612125773,0.2285368083,0.682577201,2.2234744544,3.3460560245,0.682577201,2.2234744544,3.3460560245,0.7324169923,2.6777323205,3.9993531016,0.7324169923,2.6777323205,3.9993531016,1672.5936339178,2114.8955663311,0.0357217254,0.0024802177
27,James,A,-1.56100975,5.5880609667,8.2320530333,15.0795135667,-1.2136102167,-7.2580924667,15.0795135667,-1.2136102167,-7.2580924667,15.0795135667,-1.2136102167,-7.2580924667,15.3196284233,-2.11619557,-8.59936795,15.3196284233,-2.11619557,-8.59936795,224.07595,-840.417425,0.45625,0.0091503275,0.2966762055,0.1655936069,0.2840176609,18.1723973136,7.3879536965,16.865275628,18.1723973136,7.3879536965,16.865275628,18.1723973136,7.3879536965,16.865275628,17.9239993172,6.7298552673,15.6263751642,17.9239993172,6.7298552673,15.6263751642,1839.4313200893,1508.4275081141,0.1424671015,0.0047492556
28,James,A,-1.50035605,5.4747340667,8.2743526667,-1.50035605,5.4747340667,8.2743526667,-1.1259231717,3.6883036818,5.5471799442,-0.5329844317,1.9569931152,2.9206541775,-0.4879201417,1.9736353683,2.9725238887,-0.4879201417,1.9736353683,2.9725238887,454.0912666667,-404.4409,0.4791667,0.0111111118,0.2209629599,0.1689041006,0.2924428881,0.2209629599,0.1689041006,0.2924428881,0.7907147624,2.8743742198,4.2981252641,0.8892148043,2.865035469,4.0735104175,0.921293712,2.8514367298,4.0303751414,0.921293712,2.8514367298,4.0303751414,2060.2157061261,1893.192991935,0.1122682962,0.004584491
29,James,A,-1.50754035,5.4611662833,8.08042655,9.35154975,0.8990682833,-2.2334571167,9.5989125145,-0.02805574,-3.5489427383,10.1551614912,-1.7111408417,-6.0214616817,-0.2181549022,1.033859225,1.6189447683,-0.2181549022,1.033859225,1.6189447683,234.3196333333,-667.0094666667,0.4729166733,0.0130718962,0.1524404781,0.1708069699,0.2455444767,16.7466897152,6.9499669061,15.9038774068,16.565494725,6.5541338075,15.2127066295,16.1350260341,5.3177481269,13.3236391667,0.606905701,2.1113574436,3.2605201797,0.606905701,2.1113574436,3.2605201797,1586.7278879249,1274.2442929249,0.0255155345,0.0032019472
30,James,A,-1.6041081833,5.5393753667,8.0477015333,20.9247794333,-3.7907003167,-12.7989271333,20.9247794333,-3.7907003167,-12.7989271333,21.20730863,-4.673065265,-14.0034356,21.20730863,-4.673065265,-14.0034356,21.20730863,-4.673065265,-14.0034356,478.6898666667,-617.6848166667,0.4000000167,0.0117647067,0.1114276911,0.1675992325,0.1501349108,17.3830066593,7.1325362465,16.0206159539,17.3830066593,7.1325362465,16.0206159539,16.9538126322,5.9824560906,14.345341892,16.9538126322,5.9824560906,14.345341892,16.9538126322,5.9824560906,14.345341892,1555.5595626125,1762.7476298273,0.0306186136,0.0042958632
31,James,A,-1.4165624,5.4084929667,8.2376427667,-1.4165624,5.4084929667,8.2376427667,-1.1905415817,4.5599288257,6.7938511337,-1.1905415817,4.5599288257,6.7938511337,-0.6994272923,2.726122484,4.1327488403,-0.6994272923,2.726122484,4.1327488403,143.9333333333,-632.0503833333,0.4083333367,0.010457517,0.1305318667,0.1861918583,0.3269819758,0.1305318667,0.1861918583,0.3269819758,0.6835802733,2.2270240005,3.3356158231,0.6835802733,2.2270240005,3.3356158231,0.8415740884,2.96124655,4.6247334432,0.8415740884,2.96124655,4.6247334432,1436.3612243014,1461.6787899322,0.0102061991,0.0047492555
32,James,A,-1.4963684,5.5369847667,8.0485000333,-1.4963684,5.5369847667,8.0485000333,-1.4963684,5.5369847667,8.0485000333,-1.4963684,5.5369847667,8.0485000333,-1.0143381833,3.694948831,5.3914362467,-1.0143381833,3.694948831,5.3914362467,38.29784,-456.18615,0.4645833333,0.0130718962,0.2153832294,0.1455999422,0.1565539394,0.2153832294,0.1455999422,0.1565539394,0.2153832294,0.1455999422,0.1565539394,0.2153832294,0.1455999422,0.1565539394,0.780756281,2.871544983,4.2320149887,0.780756281,2.871544983,4.2320149887,1520.5279328276,1427.0297570946,0.0255155182,0.0032019472
33,James,A,-1.5059458333,5.5026652,8.1011683833,-1.5059458333,5.5026652,8.1011683833,-1.0554580705,3.7049763618,5.3468628275,-1.0149230967,3.7419534945,5.439084401,-1.0149230967,3.7419534945,5.439084401,-1.0149230967,3.7419534945,5.439084401,170.9623266667,-621.2910166667,0.4333333333,0.0150326803,0.2181567125,0.1012024044,0.1585096872,0.2181567125,0.1012024044,0.1585096872,0.8737670049,2.8696131547,4.1355773256,0.9327922155,2.8135174667,3.9971190661,0.9327922155,2.8135174667,3.9971190661,0.9327922155,2.8135174667,3.9971190661,1553.2160258748,1912.0075058771,0.0204124145,0.0016009734
34,James,A,-1.61608125,5.5234120333,8.0564802833,-1.61608125,5.5234120333,8.0564802833,-1.0555648883,3.656544982,5.2786941043,-1.00135041,3.7514444767,5.4525273167,-1.00135041,3.7514444767,5.4525273167,-1.00135041,3.7514444767,5.4525273167,563.5660833333,-649.1530166667,0.5083333667,0.0163398698,0.2337198703,0.1655139491,0.3028993286,0.2337198703,0.1655139491,0.3028993286,0.8664155299,2.870832323,4.0447315882,0.947620768,2.7240660408,3.7756364943,0.947620768,2.7240660408,3.7756364943,0.947620768,2.7240660408,3.7756364943,1715.5859532503,1393.1285307102,0.0408248454,0.0016009738
35,James,A,-1.5530344667,5.4579722333,8.1187337333,15.1244632333,-1.6857273333,-7.0042293333,15.62299839,-3.4505131027,-9.7932993638,15.6386157617,-3.4185408527,-9.6925938972,15.6386157617,-3.4185408527,-9.6925938972,15.6386157617,-3.4185408527,-9.6925938972,167.8554333333,-801.0031666667,0.4625000233,0.0130718963,0.1457868895,0.1825073296,0.2362154733,18.1873078873,7.6956703003,16.7237932732,17.649749557,6.0887472033,13.9826106566,17.6332861561,6.1112471038,14.0689572718,17.6332861561,6.1112471038,14.0689572718,17.6332861561,6.1112471038,14.0689572718,1484.6240261094,2040.1658471349,0.0306186299,0.0040501786
36,James,A,-1.5346756,5.49548085,8.0437111667,-1.5346756,5.49548085,8.0437111667,-0.691029859,2.7257105667,4.0978011815,-0.4586435923,1.8773981833,2.9018859815,-0.211519869,0.9764582383,1.5607834148,-0.211519869,0.9764582383,1.5607834148,451.0869,-706.7455833333,0.4083333367,0.013071896,0.3006138203,0.160175383,0.3440949142,0.3006138203,0.160175383,0.3440949142,0.8924247168,2.9811145891,4.4934988783,0.9104120756,2.8104839993,4.2742966456,0.8759234596,2.3244439337,3.2435296031,0.8759234596,2.3244439337,3.2435296031,1797.1516661591,2010.6396206149,0.0204124227,0.0047492555
37,James,A,-1.4859949667,5.50346375,8.2967021667,-1.4859949667,5.50346375,8.2967021667,-1.4859949667,5.50346375,8.2967021667,-1.4859949667,5.50346375,8.2967021667,-1.4859949667,5.50346375,8.2967021667,-1.4859949667,5.50346375,8.2967021667,180.17519,-707.68205,0.5104166667,0.0124183013,0.2401366471,0.2189632092,0.1718427301,0.2401366471,0.2189632092,0.1718427301,0.2401366471,0.2189632092,0.1718427301,0.2401366471,0.2189632092,0.1718427301,0.2401366471,0.2189632092,0.1718427301,0.2401366471,0.2189632092,0.1718427301,1830.8021636576,2162.448758843,0.1395117976,0.0038556551
38,James,A,-1.4780146167,5.5633163167,8.1753949,4.0720240833,3.2628529,3.0561755,4.536216799,1.391123371,0.2737606783,4.7837245257,0.5662891877,-1.0099206317,4.816001951,0.6206206488,-0.898811215,4.816001951,0.6206206488,-0.898811215,223.1896666667,-596.769305,0.4333333333,0.0117647067,0.171033259,0.2207326718,0.2208002207,13.4334095739,5.64240829,12.7307563531,13.2220743608,5.4479890402,12.051122165,13.104240681,5.1230780184,11.4209693998,13.0900617068,5.1174993156,11.4342652236,13.0900617068,5.1174993156,11.4342652236,1581.5597169946,2239.150173643,0.1568571537,0.0042958632
39,James,A,-1.5482406667,5.5768839333,7.9120330667,-1.5482406667,5.5768839333,7.9120330667,-0.4964370642,1.8352711988,2.5808639298,-0.4964370642,1.8352711988,2.5808639298,-0.58185831,1.9109903983,2.5858128643,-0.58185831,1.9109903983,2.5858128643,-30.06489,-784.8445416667,0.3583333333,0.0111111117,0.1885803036,0.1793269636,0.1746181252,0.1885803036,0.1793269636,0.1746181252,0.8579308704,2.8667093489,3.9710773539,0.8579308704,2.8667093489,3.9710773539,0.8099279749,2.8107257188,3.967301234,0.8099279749,2.8107257188,3.967301234,1337.6602864106,1776.4658590656,0.040824829,0.0067545155
40,James,A,-1.37984975,5.4723383167,8.238444,-1.37984975,5.4723383167,8.238444,-0.7387873252,2.7367883942,4.009007715,-0.7387873252,2.7367883942,4.009007715,-0.4956258085,1.8295364375,2.6714247983,-0.4956258085,1.8295364375,2.6714247983,211.4159883333,-733.7196666667,0.3812500017,0.0117647067,0.2551064671,0.19236708,0.2778868303,0.2551064671,0.19236708,0.2778868303,0.8234653138,3.0036358097,4.4606002041,0.8234653138,3.0036358097,4.4606002041,0.6151137058,2.7550847766,4.3073343948,0.6151137058,2.7550847766,4.3073343948,1428.216854523,2073.9026913228,0.0765465504,0.0042958632
41,James,A,-1.458063775,5.52660875,8.2783433333,-1.458063775,5.52660875,8.2783433333,-1.458063775,5.52660875,8.2783433333,-1.0074132333,3.8164723367,5.667739925,-1.0074132333,3.8164723367,5.667739925,-1.0074132333,3.8164723367,5.667739925,74.3194833333,-816.9597333333,0.47083336,0.013071896,0.2662979281,0.1466135236,0.1269217139,0.2662979281,0.1466135236,0.1269217139,0.2662979281,0.1466135236,0.1269217139,0.9258943546,2.7706919047,3.9385626537,0.9258943546,2.7706919047,3.9385626537,0.9258943546,2.7706919047,3.9385626537,1451.2247858211,2298.5538276718,0.1317352266,0.0040501785
42,James,A,-1.44449615,5.544164,8.1865641667,3.9148177833,3.2418415833,3.2531991667,5.1784922017,-1.4155502643,-3.5508398082,5.2180175517,-1.325742117,-3.3696213342,5.2180175517,-1.325742117,-3.3696213342,5.2180175517,-1.325742117,-3.3696213342,206.41299,-560.0421333333,0.42083335,0.0143790855,0.1757410461,0.1191775844,0.1710887496,13.2552085156,5.7137845105,12.0916899184,12.6356679985,3.4314118933,8.7573012,12.6166274796,3.4775109716,8.850432643,12.6166274796,3.4775109716,8.850432643,12.6166274796,3.4775109716,8.850432643,1659.850987839,1459.7343215352,0.071443459,0.0032019473
43,James,A,-1.5171203667,5.5194244333,8.2599868333,3.6687876167,3.0607096,3.0077031667,3.6687876167,3.0607096,3.0077031667,3.6687876167,3.0607096,3.0077031667,3.6687876167,3.0607096,3.0077031667,3.6687876167,3.0607096,3.0077031667,334.9928666667,-522.9111716667,0.5020833367,0.0137254908,0.1829837504,0.1906334526,0.0912568493,12.8634303499,6.1375059292,12.7880964483,12.8634303499,6.1375059292,12.7880964483,12.8634303499,6.1375059292,12.7880964483,12.8634303499,6.1375059292,12.7880964483,12.8634303499,6.1375059292,12.7880964483,1956.3917833954,1318.347947466,0.02551551,0.0032810195
44,James,A,-1.4093806,5.6247711167,8.1338906667,3.9653574,3.14716335,3.0095418333,4.2467549,2.2285486482,1.7090403525,4.2894083017,2.263458215,1.8138377167,4.99300378,-0.500198406,-2.1748020417,4.99300378,-0.500198406,-2.1748020417,179.2553333333,-445.2806166667,0.4583333333,0.0137254907,0.2358816896,0.1548464754,0.2676171765,13.3163583055,6.0946415904,12.3817067859,13.1884055791,6.0767323202,12.1916395024,13.1720507558,6.0621663529,12.1762309688,12.8266616179,4.8143662055,10.3745289179,12.8266616179,4.8143662055,10.3745289179,1802.7741933867,1831.5138918989,0.1020620726,0.0048029211
45,James,A,-1.4500783167,5.5856654167,8.2679725,4.0544560333,3.0314586333,3.0559643333,4.632189395,1.1140391867,0.359746321,4.8853962783,0.2246476033,-0.9322942057,4.8853962783,0.2246476033,-0.9322942057,4.8853962783,0.2246476033,-0.9322942057,253.55765,-669.2231166667,0.4666666667,0.0124183013,0.2500547249,0.093441572,0.151805609,13.6981578463,6.2922860423,12.6490479016,13.4354631119,6.0166241776,12.0265607957,13.3143151533,5.6054824789,11.3981992109,13.3143151533,5.6054824789,11.3981992109,13.3143151533,5.6054824789,11.3981992109,1329.2839804203,1643.3435270401,0.1122682799,0.004584491
46,James,A,-1.4684397333,5.4891001333,7.9982197833,-1.4684397333,5.4891001333,7.9982197833,-1.4684397333,5.4891001333,7.9982197833,-0.5976028283,2.848856605,4.3064066067,-0.5976028283,2.848856605,4.3064066067,-0.615109745,2.8576838383,4.3177795233,401.4584833333,-392.704025,0.5020833333,0.0150326803,0.1445559704,0.0711766941,0.1484167044,0.1445559704,0.0711766941,0.1484167044,0.1445559704,0.0711766941,0.1484167044,0.8670458252,2.8564054066,4.0806495158,0.8670458252,2.8564054066,4.0806495158,0.884941697,2.8661757786,4.0927960059,1238.0535017684,1221.08774874,0.0051031036,0.0038556552
47,James,A,-1.6001154333,5.6558939167,7.9663010833,-1.6001154333,5.6558939167,7.9663010833,0.0099589032,-0.0175730382,-0.003382365,0.0099589032,-0.0175730382,-0.003382365,-0.0552419012,0.0878448505,-0.053415934,-0.0552419012,0.0878448505,-0.053415934,132.5088333333,-733.5353333333,0.5083333333,0.0156862753,0.1605858166,0.1440537215,0.2148663996,0.1605858166,0.1440537215,0.2148663996,0.1145552107,0.0289463326,0.0434322022,0.1145552107,0.0289463326,0.0434322022,0.0852496304,0.0993041255,0.163071729,0.0852496304,0.0993041255,0.163071729,1732.7647512721,1480.7633128279,0.1520005482,0.0035075575
48,James,A,-1.4955698667,5.6503092833,7.9152246,-1.4955698667,5.6503092833,7.9152246,-1.4955698667,5.6503092833,7.9152246,-0.9335327117,3.8868458983,5.4141972917,-0.6902491233,2.95465596,4.0938949988,-0.6902491233,2.95465596,4.0938949988,147.6662133333,-671.5495216667,0.4541666667,0.0130718962,0.238336995,0.2379142332,0.1536476651,0.238336995,0.2379142332,0.1536476651,0.238336995,0.2379142332,0.1536476651,0.8787179581,2.8234382725,3.7416430276,0.9759162565,3.0896068943,4.0568655609,0.9759162565,3.0896068943,4.0568655609,1304.0741248754,1324.2550087188,0.0714434508,0.0047492554
49,James,A,-1.4181594833,5.5066579333,7.9758758,-1.4181594833,5.5066579333,7.9758758,-0.2397817002,0.9249115025,1.3023452777,-0.179423016,0.9955113755,1.503743486,-0.179423016,0.9955113755,1.503743486,-0.179423016,0.9955113755,1.503743486,162.3442333333,-511.9975333333,0.5041666667,0.0117647065,0.149399708,0.0816990856,0.0998329983,0.149399708,0.0816990856,0.0998329983,0.6618118423,2.2788254255,3.1881635453,0.6937030958,2.248079715,3.1022133644,0.6937030958,2.248079715,3.1022133644,0.6937030958,2.248079715,3.1022133644,1213.2347357726,1316.5419996774,0.1343192714,0.0042958631
50,James,A,-1.5809656667,5.6024220667,7.8625488333,4.02384955,3.4814885333,2.6383668333,4.339037642,2.4874114935,1.3112667198,-0.9873885933,3.7981719983,5.4123561,-0.9873885933,3.7981719983,5.4123561,-0.9873885933,3.7981719983,5.4123561,174.7181833333,-829.3472,0.46875001,0.0104575172,0.2183766728,0.2230547765,0.199996469,13.8838439351,5.3216127225,12.7723156045,13.7424674326,5.3211523751,12.5213994272,0.9093358648,2.7523718221,3.7469781392,0.9093358648,2.7523718221,3.7469781392,0.9093358648,2.7523718221,3.7469781392,1334.3921740157,1894.0004048094,0.1574702243,0.0032019474
51,James,A,-1.6743393,5.54655715,8.0453110167,20.1345723333,-4.2689106,-11.715955,20.1345723333,-4.2689106,-11.715955,20.1345723333,-4.2689106,-11.715955,20.4037704383,-5.1935220133,-13.0365523,20.4037704383,-5.1935220133,-13.0365523,36.3831833333,-985.6436333333,0.4437500267,0.0117647067,0.256946332,0.2589748808,0.2435725016,16.8760927279,7.5912378882,15.2558620806,16.8760927279,7.5912378882,15.2558620806,16.8760927279,7.5912378882,15.2558620806,16.4635545749,6.3652530438,13.4688691155,16.4635545749,6.3652530438,13.4688691155,1487.5371631185,1991.9713992663,0.1598339138,0.0065620396
52,James,A,-1.6719462,5.5553385667,8.1594312833,-1.6719462,5.5553385667,8.1594312833,-0.2780863367,0.9756546013,1.2816747085,-0.2780863367,0.9756546013,1.2816747085,-0.2780863367,0.9756546013,1.2816747085,-0.2780863367,0.9756546013,1.2816747085,218.0376833333,-844.0147333333,0.48333334,0.0156862752,0.1397608718,0.1444363883,0.2463664467,0.1397608718,0.1444363883,0.2463664467,0.7668294627,2.333546635,3.1772190713,0.7668294627,2.333546635,3.1772190713,0.7668294627,2.333546635,3.1772190713,0.7668294627,2.333546635,3.1772190713,1306.5782979418,1962.0064906963,0.0510310526,0.0042958632
53,James,A,-1.7126439167,5.7005869,8.0700532667,-1.7126439167,5.7005869,8.0700532667,-1.7126439167,5.7005869,8.0700532667,-1.7126439167,5.7005869,8.0700532667,-1.4528986333,4.7783482683,6.745908285,-1.4528986333,4.7783482683,6.745908285,228.84525,-848.7076833333,0.525,0.0150326805,0.284421379,0.2158256343,0.2005808145,0.284421379,0.2158256343,0.2005808145,0.284421379,0.2158256343,0.2005808145,0.284421379,0.2158256343,0.2005808145,0.8705359657,2.4272647938,3.2714561182,0.8705359657,2.4272647938,3.2714561182,1891.5731582821,2139.0173472047,0.0306186218,0.0029520495
54,James,A,-1.6256561167,5.4228617667,7.23845935,3.86293035,3.0295741667,2.1540146833,3.86293035,3.0295741667,2.1540146833,4.1745097317,2.11206572,0.9516399083,4.1745097317,2.11206572,0.9516399083,4.1745097317,2.11206572,0.9516399083,186.7797666667,-713.5890333333,0.5791667,0.0137254907,0.2069328194,0.299047735,1.1150168093,13.5369983591,5.8722971639,12.0026109436,13.5369983591,5.8722971639,12.0026109436,13.4046831542,5.7911295245,11.6820822683,13.4046831542,5.7911295245,11.6820822683,13.4046831542,5.7911295245,11.6820822683,1386.2253730691,1506.3332058162,0.0204124309,0.0048029211
55,James,A,-1.59772235,5.6040191833,7.4300028667,-1.59772235,5.6040191833,7.4300028667,-1.0725936733,3.7402623383,4.7063649037,-0.75474038,2.8326110367,3.4570007203,-0.7735595533,2.8350295547,3.5115407187,-0.7735595533,2.8350295547,3.5115407187,352.1492166667,-416.0702666667,0.47291669,0.0130718962,0.0826275534,0.1364333881,0.9349014039,0.0826275534,0.1364333881,0.9349014039,0.8350012943,2.9175687585,3.7440290358,0.8991414937,3.0323785161,3.6452331924,0.8803410672,3.0296465599,3.5844753215,0.8803410672,3.0296465599,3.5844753215,2080.88212256,2076.6529021091,0.0561341481,0.0032019472
56,James,A,-1.5466461,5.66387435,8.1737976167,3.9789123833,3.32803345,3.1371943333,4.2496033,2.3793563873,1.7891769667,5.1686020017,-0.3530604427,-2.0847294833,5.15114849,-0.3361511617,-2.0554427817,5.15114849,-0.3361511617,-2.0554427817,68.8676883333,-795.9737666667,0.49791667,0.0130718962,0.1970055593,0.1115437964,0.2394783361,13.5655231006,5.7562221482,12.5256576966,13.4487421353,5.7541583976,12.3129539019,12.9943171631,4.4955192466,10.4316469132,13.0026022633,4.4973849345,10.4390901013,13.0026022633,4.4973849345,10.4390901013,1502.7666185146,1672.1963594187,0.1307231475,0.0059040993
57,James,A,-1.5865504,5.6407318333,8.1538441667,-1.5865504,5.6407318333,8.1538441667,-1.5865504,5.6407318333,8.1538441667,-0.98922985,3.8111852133,5.5987065667,-0.98922985,3.8111852133,5.5987065667,-0.98922985,3.8111852133,5.5987065667,617.7783166667,-622.0282666667,0.4645833333,0.0130718963,0.1228820844,0.1737521017,0.2097387343,0.1228820844,0.1737521017,0.2097387343,0.1228820844,0.1737521017,0.2097387343,0.9198048062,2.7664925019,3.8893019013,0.9198048062,2.7664925019,3.8893019013,0.9198048062,2.7664925019,3.8893019013,2700.2182345125,2341.5545796223,0.0867527617,0.0040501786
58,James,A,-1.5147247167,5.6590881333,8.13549025,9.54916385,0.9522908,-2.10850275,9.7998835517,0.01974988,-3.3812357947,10.0683873717,-0.8761216,-4.6385777713,10.3083038572,-1.7951457393,-5.9686813497,10.3083038572,-1.7951457393,-5.9686813497,210.1366283333,-1016.0412,0.53125,0.0150326805,0.1023169168,0.0825853456,0.227232949,17.132368906,7.2599888688,15.741212226,16.9476517404,6.8960344954,15.085078581,16.7459077993,6.3507090042,14.2244609512,16.5580707195,5.5847013299,13.1162021942,16.5580707195,5.5847013299,13.1162021942,1841.9747506764,2302.3885017776,0.0153093109,0.0045844909
59,James,A,-1.4716288167,5.6375376167,8.1953456667,3.6336874167,3.4477081167,2.9071045,3.6336874167,3.4477081167,2.9071045,3.6336874167,3.4477081167,2.9071045,4.10883594,1.58936055,0.2601673833,4.10883594,1.58936055,0.2601673833,268.1831833333,-629.3151883333,0.5375,0.0130718962,0.2016468446,0.1470691403,0.1829337456,12.6257170763,5.3889888652,12.8215699078,12.6257170763,5.3889888652,12.8215699078,12.6257170763,5.3889888652,12.8215699078,12.4075614144,5.1883091249,12.1239357497,12.4075614144,5.1883091249,12.1239357497,1284.4862191724,1827.5570355605,0,0.0053578828
