TimeStamp, TYPE_ACC0, TYPE_ACC1, TYPE_ACC2, TYPE_MAG0, TYPE_MAG1, TYPE_MAG2, TYPE_GYRO0, TYPE_GYRO1, TYPE_GYRO2, TYPE_ROTATION0, TYPE_ROTATION1, TYPE_ROTATION2, TYPE_LINEAR0, TYPE_LINEAR1, TYPE_LINEAR2, TYPE_GRAVITY0, TYPE_GRAVITY1, TYPE_GRAVITY2, position_x, position_y, velocity_x, velocity_y, pressure, size, mCurrentPattern, Counter
17598864,-1.122879,7.113159,6.6869965,-1.122879,7.113159,6.6869965,-1.122879,7.113159,6.6869965,-1.122879,7.113159,6.6869965,-1.122879,7.113159,6.6869965,-1.122879,7.113159,6.6869965,257,205,0,0,0.4875,0.015686275,"[Point(0, 0), Point(1, 0), Point(2, 0), Point(1, 1), Point(0, 2)]",0
17598864,-1.122879,7.113159,6.6869965,-1.122879,7.113159,6.6869965,-1.122879,7.113159,6.6869965,-1.122879,7.113159,6.6869965,-1.122879,7.113159,6.6869965,-1.122879,7.113159,6.6869965,257,205,0,0,0.4875,0.015686275,"[Point(0, 0), Point(1, 0), Point(2, 0), Point(1, 1), Point(0, 2)]",0
17599018,-1.687912,7.285553,7.2568207,-1.687912,7.285553,7.2568207,-1.687912,7.285553,7.2568207,-1.687912,7.285553,7.2568207,-1.687912,7.285553,7.2568207,-1.687912,7.285553,7.2568207,564.51044,199.64563,7863.5835,-713.16113,0.8125,0.019607844,"[Point(0, 0), Point(1, 0), Point(2, 0), Point(1, 1), Point(0, 2)]",0
17599085,-0.4668579,6.7157288,5.8681793,-0.4668579,6.7157288,5.8681793,-0.4668579,6.7157288,5.8681793,0.39585876,0.0037841797,-0.15261841,0.39585876,0.0037841797,-0.15261841,0.39585876,0.0037841797,-0.15261841,1118.7672,144.38885,6329.1484,-520.08636,0.8125,0.023529414,"[Point(0, 0), Point(1, 0), Point(2, 0), Point(1, 1), Point(0, 2)]",0
17599302,-1.0031586,6.8258667,6.318283,-1.0031586,6.8258667,6.318283,-1.0031586,6.8258667,6.318283,0.39405823,-0.0011749268,-0.13960266,0.39405823,-0.0011749268,-0.13960266,0.39405823,-0.0011749268,-0.13960266,749.36615,604.0984,-5939.173,5718.253,0.8125,0.023529414,"[Point(0, 0), Point(1, 0), Point(2, 0), Point(1, 1), Point(0, 2)]",0
17599386,-0.79725647,6.87854,7.3669434,-0.79725647,6.87854,7.3669434,-0.197052,-0.040481567,0.11076355,-0.197052,-0.040481567,0.11076355,0.15635681,-0.006576538,0.4492035,0.15635681,-0.006576538,0.4492035,299.94327,1061.3801,-3511.176,3608.57,0.8125,0.023529414,"[Point(0, 0), Point(1, 0), Point(2, 0), Point(1, 1), Point(0, 2)]",0
,,,,,,,,,,,,,,,,,,,,,,,,,,
17599523,-0.54826355,6.811493,7.491455,3.1265259,-5.635071,-11.741638,3.1265259,-5.635071,-11.741638,3.1265259,-5.635071,-11.741638,3.1265259,-5.635071,-11.741638,3.1265259,-5.635071,-11.741638,164,1227,0,0,0.5375,0.003921569,"[Point(0, 0), Point(1, 0), Point(2, 0), Point(1, 1), Point(0, 2)]",1
17599811,-1.2425842,7.271179,6.9312134,-1.2425842,7.271179,6.9312134,-1.2425842,7.271179,6.9312134,-1.2425842,7.271179,6.9312134,-1.2425842,7.271179,6.9312134,-1.2425842,7.271179,6.9312134,179,220,0,0,0.9375,0.027450982,"[Point(0, 0), Point(1, 0), Point(2, 0), Point(1, 1), Point(0, 2)]",1
17599811,-1.2425842,7.271179,6.9312134,-1.2425842,7.271179,6.9312134,-1.2425842,7.271179,6.9312134,-1.2425842,7.271179,6.9312134,-1.2425842,7.271179,6.9312134,-1.2425842,7.271179,6.9312134,179,220,0,0,0.9375,0.027450982,"[Point(0, 0), Point(1, 0), Point(2, 0), Point(1, 1), Point(0, 2)]",1
17599937,-1.1324463,7.1562653,7.271179,-1.1324463,7.1562653,7.271179,-0.1736145,-0.2514038,0.057510376,-0.1736145,-0.2514038,0.057510376,-0.032913208,0.16220093,0.48571777,-0.032913208,0.16220093,0.48571777,681.17865,207.2486,10116.223,-1166.9525,0.9375,0.023529414,"[Point(0, 0), Point(1, 0), Point(2, 0), Point(1, 1), Point(0, 2)]",1
17599987,-0.22744751,6.58165,6.73967,-0.22744751,6.58165,6.73967,-0.22744751,6.58165,6.73967,-0.22744751,6.58165,6.73967,-0.22744751,6.58165,6.73967,-0.22744751,6.58165,6.73967,1116.9545,154.87976,7036.8677,-789.03,0.9375,0.019607844,"[Point(0, 0), Point(1, 0), Point(2, 0), Point(1, 1), Point(0, 2)]",1
17600170,-1.2665253,6.8450165,5.767624,-1.2665253,6.8450165,5.767624,-0.14485168,-0.16511536,0.21409607,-0.14485168,-0.16511536,0.21409607,-0.25257874,-0.11102295,-1.0699005,-0.25257874,-0.11102295,-1.0699005,781.4738,624.1439,-8426.088,9204.197,0.9375,0.023529414,"[Point(0, 0), Point(1, 0), Point(2, 0), Point(1, 1), Point(0, 2)]",1
17600236,-0.84036255,6.792343,7.2137146,4.3441772,-5.11322,-11.5737915,4.3441772,-5.11322,-11.5737915,4.3441772,-5.11322,-11.5737915,4.3441772,-5.11322,-11.5737915,4.3441772,-5.11322,-11.5737915,333.75537,1066.873,-5686.609,5286.8823,0.675,0.015686275,"[Point(0, 0), Point(1, 0), Point(2, 0), Point(1, 1), Point(0, 2)]",1
,,,,,,,,,,,,,,,,,,,,,,,,,,
17600362,-0.38067627,6.696579,7.874527,-0.38067627,6.696579,7.874527,-0.041519165,0.2162323,-0.14274597,-0.041519165,0.2162323,-0.14274597,-0.041519165,0.2162323,-0.14274597,-0.041519165,0.2162323,-0.14274597,131.5,1285,0,0,0.35,0.007843138,"[Point(0, 0), Point(1, 0), Point(2, 0), Point(1, 1), Point(0, 2)]",2
17600667,-0.9935913,6.9312134,7.0940094,-0.9935913,6.9312134,7.0940094,-0.9935913,6.9312134,7.0940094,-0.9935913,6.9312134,7.0940094,-0.9935913,6.9312134,7.0940094,-0.9935913,6.9312134,7.0940094,132,290,0,0,0.875,0.027450982,"[Point(0, 0), Point(1, 0), Point(2, 0), Point(1, 1), Point(0, 2)]",2
17600667,-0.9935913,6.9312134,7.0940094,-0.9935913,6.9312134,7.0940094,-0.9935913,6.9312134,7.0940094,-0.9935913,6.9312134,7.0940094,-0.9935913,6.9312134,7.0940094,-0.9935913,6.9312134,7.0940094,132,290,0,0,0.875,0.027450982,"[Point(0, 0), Point(1, 0), Point(2, 0), Point(1, 1), Point(0, 2)]",2
17600787,-1.2904663,7.151474,7.7739716,5.911255,-5.2871704,-11.073303,5.911255,-5.2871704,-11.073303,5.911255,-5.2871704,-11.073303,5.911255,-5.2871704,-11.073303,5.911255,-5.2871704,-11.073303,690.1903,221.00903,9604.503,-865.3245,0.875,0.019607844,"[Point(0, 0), Point(1, 0), Point(2, 0), Point(1, 1), Point(0, 2)]",2
17600837,-0.05505371,6.5672913,6.73967,-0.05505371,6.5672913,6.73967,-0.05505371,6.5672913,6.73967,-0.05505371,6.5672913,6.73967,-0.05505371,6.5672913,6.73967,-0.05505371,6.5672913,6.73967,1120.4326,170.06189,7488.6636,-909.7708,0.875,0.015686275,"[Point(0, 0), Point(1, 0), Point(2, 0), Point(1, 1), Point(0, 2)]",2
17601071,-0.56741333,6.634323,6.8306427,-0.56741333,6.634323,6.8306427,-0.56741333,6.634323,6.8306427,-0.56741333,6.634323,6.8306427,-0.56741333,6.634323,6.8306427,-0.56741333,6.634323,6.8306427,718.71295,680.5702,-7875.5044,6623.7544,0.875,0.023529414,"[Point(0, 0), Point(1, 0), Point(2, 0), Point(1, 1), Point(0, 2)]",2
17601154,-0.5626373,6.6678467,7.941559,5.3894043,-4.76532,-11.239624,5.3894043,-4.76532,-11.239624,5.3894043,-4.76532,-11.239624,5.3894043,-4.76532,-11.239624,5.3894043,-4.76532,-11.239624,297.3629,1065.5127,-2148.5518,2401.567,0.875,0.023529414,"[Point(0, 0), Point(1, 0), Point(2, 0), Point(1, 1), Point(0, 2)]",2
,,,,,,,,,,,,,,,,,,,,,,,,,,
17601310,-0.56741333,6.859375,7.108383,-0.56741333,6.859375,7.108383,0.17044067,0.020217896,0.039398193,0.17044067,0.020217896,0.039398193,0.17044067,0.020217896,0.039398193,0.17044067,0.020217896,0.039398193,142,1254.5,0,0,0.32500002,0.003921569,"[Point(0, 0), Point(1, 0), Point(2, 0), Point(1, 1), Point(0, 2)]",3
17601598,-1.1515961,6.8641663,7.127533,-1.1515961,6.8641663,7.127533,-1.1515961,6.8641663,7.127533,0.3746338,0.05921936,0.01133728,0.3746338,0.05921936,0.01133728,0.3746338,0.05921936,0.01133728,169,279,0,0,0.925,0.019607844,"[Point(0, 0), Point(1, 0), Point(2, 0), Point(1, 1), Point(0, 2)]",3
17601598,-1.1515961,6.8641663,7.127533,-1.1515961,6.8641663,7.127533,-1.1515961,6.8641663,7.127533,0.3746338,0.05921936,0.01133728,0.3746338,0.05921936,0.01133728,0.3746338,0.05921936,0.01133728,169,279,0,0,0.925,0.019607844,"[Point(0, 0), Point(1, 0), Point(2, 0), Point(1, 1), Point(0, 2)]",3
17601738,-1.2282104,6.8928986,8.070847,3.9962769,-5.4611206,-10.905457,3.9962769,-5.4611206,-10.905457,3.9962769,-5.4611206,-10.905457,3.9962769,-5.4611206,-10.905457,3.9962769,-5.4611206,-10.905457,576.10724,299.58862,7015.42,-259.97214,0.925,0.019607844,"[Point(0, 0), Point(1, 0), Point(2, 0), Point(1, 1), Point(0, 2)]",3
17601805,-0.4812317,6.624756,6.3948975,-0.4812317,6.624756,6.3948975,-0.4812317,6.624756,6.3948975,0.36930847,0.0663147,0.022857666,0.36930847,0.0663147,0.022857666,0.36930847,0.0663147,0.022857666,1024.3706,258.6358,4209.878,-346.23703,0.65000004,0.015686275,"[Point(0, 0), Point(1, 0), Point(2, 0), Point(1, 1), Point(0, 2)]",3
17602022,-0.56741333,6.7348785,7.515396,-0.56741333,6.7348785,7.515396,-0.56741333,6.7348785,7.515396,-0.56741333,6.7348785,7.515396,-0.56741333,6.7348785,7.515396,-0.56741333,6.7348785,7.515396,760.805,654.5885,-8086,7947.7627,0.65000004,0.019607844,"[Point(0, 0), Point(1, 0), Point(2, 0), Point(1, 1), Point(0, 2)]",3
17602106,-0.7110748,6.6007996,7.3238525,-0.7110748,6.6007996,7.3238525,-0.11608887,-0.07563782,0.06283569,-0.11608887,-0.07563782,0.06283569,-0.11608887,-0.07563782,0.06283569,-0.11608887,-0.07563782,0.06283569,319.6555,1047.7762,-3546.448,3507.0735,0.65000004,0.023529414,"[Point(0, 0), Point(1, 0), Point(2, 0), Point(1, 1), Point(0, 2)]",3
,,,,,,,,,,,,,,,,,,,,,,,,,,
17602226,-0.70628357,6.993454,7.5776367,-0.70628357,6.993454,7.5776367,-0.70628357,6.993454,7.5776367,-0.70628357,6.993454,7.5776367,-0.70628357,6.993454,7.5776367,-0.70628357,6.993454,7.5776367,177,1226,0,0,0.275,0.007843138,"[Point(0, 0), Point(1, 0), Point(2, 0), Point(1, 1), Point(0, 2)]",4
17602556,-0.9361267,6.8210754,7.405258,-0.9361267,6.8210754,7.405258,-0.9361267,6.8210754,7.405258,-0.9361267,6.8210754,7.405258,-0.9361267,6.8210754,7.405258,-0.9361267,6.8210754,7.405258,168,292,0,0,0.925,0.023529414,"[Point(0, 0), Point(1, 0), Point(2, 0), Point(1, 1), Point(0, 2)]",4
17602556,-0.9361267,6.8210754,7.405258,-0.9361267,6.8210754,7.405258,-0.9361267,6.8210754,7.405258,-0.9361267,6.8210754,7.405258,-0.9361267,6.8210754,7.405258,-0.9361267,6.8210754,7.405258,168,292,0,0,0.925,0.023529414,"[Point(0, 0), Point(1, 0), Point(2, 0), Point(1, 1), Point(0, 2)]",4
17602690,-0.93133545,6.840225,7.5249634,-0.93133545,6.840225,7.5249634,-0.024475098,-0.053268433,-0.0234375,-0.024475098,-0.053268433,-0.0234375,-0.024475098,-0.053268433,-0.0234375,-0.024475098,-0.053268433,-0.0234375,590.65314,265.40277,6392.868,-652.2144,0.6625,0.015686275,"[Point(0, 0), Point(1, 0), Point(2, 0), Point(1, 1), Point(0, 2)]",4
17602773,-0.7733154,6.4380035,6.921631,-0.7733154,6.4380035,6.921631,-0.7733154,6.4380035,6.921631,-0.7733154,6.4380035,6.921631,-0.7733154,6.4380035,6.921631,-0.7733154,6.4380035,6.921631,1065.6779,219.61743,4568.764,-712.9732,0.6625,0.019607844,"[Point(0, 0), Point(1, 0), Point(2, 0), Point(1, 1), Point(0, 2)]",4
17602990,-0.69670105,6.5577087,7.4579315,-0.69670105,6.5577087,7.4579315,-0.69670105,6.5577087,7.4579315,-0.69670105,6.5577087,7.4579315,0.2611084,0.020187378,0.21142578,0.2611084,0.020187378,0.21142578,708.9053,692.20996,-5667.093,5111.807,0.6625,0.015686275,"[Point(0, 0), Point(1, 0), Point(2, 0), Point(1, 1), Point(0, 2)]",4
17603074,-0.7876892,6.4858856,7.2759705,-0.7876892,6.4858856,7.2759705,-0.14805603,-0.14167786,0.03300476,-0.14805603,-0.14167786,0.03300476,-0.14805603,-0.14167786,0.03300476,-0.14805603,-0.14167786,0.03300476,308.43716,1066.201,-2230.9304,2431.0754,0.6625,0.015686275,"[Point(0, 0), Point(1, 0), Point(2, 0), Point(1, 1), Point(0, 2)]",4
,,,,,,,,,,,,,,,,,,,,,,,,,,
17603230,-1.0127411,6.5625,7.199356,-1.0127411,6.5625,7.199356,-1.0127411,6.5625,7.199356,-1.0127411,6.5625,7.199356,-0.13960266,0.07316589,-0.100997925,-0.13960266,0.07316589,-0.100997925,193.5,1237.5,0,0,0.25,0.003921569,"[Point(0, 0), Point(1, 0), Point(2, 0), Point(1, 1), Point(0, 2)]",5
17603732,-0.9265442,6.7492523,7.7069244,4.6920776,-5.11322,-12.910461,4.6920776,-5.11322,-12.910461,4.6920776,-5.11322,-12.910461,4.6920776,-5.11322,-12.910461,4.6920776,-5.11322,-12.910461,249,249,0,0,0.8625,0.019607844,"[Point(0, 0), Point(1, 0), Point(2, 0), Point(1, 1), Point(0, 2)]",5
17603732,-0.9265442,6.7492523,7.7069244,4.6920776,-5.11322,-12.910461,4.6920776,-5.11322,-12.910461,4.6920776,-5.11322,-12.910461,4.6920776,-5.11322,-12.910461,4.6920776,-5.11322,-12.910461,249,249,0,0,0.8625,0.019607844,"[Point(0, 0), Point(1, 0), Point(2, 0), Point(1, 1), Point(0, 2)]",5
17603858,-1.6065063,7.237671,7.606369,-1.6065063,7.237671,7.606369,-0.0021209717,0.024475098,0.04046631,-0.0021209717,0.024475098,0.04046631,-0.0021209717,0.024475098,0.04046631,-0.0021209717,0.024475098,0.04046631,640.14264,247.06158,7752.3867,-488.08435,0.8625,0.019607844,"[Point(0, 0), Point(1, 0), Point(2, 0), Point(1, 1), Point(0, 2)]",5
17603925,-0.24180603,6.251251,6.744461,-0.24180603,6.251251,6.744461,-0.24180603,6.251251,6.744461,-0.24180603,6.251251,6.744461,-0.24180603,6.251251,6.744461,-0.24180603,6.251251,6.744461,1102.064,218.23181,4490.8735,-341.6397,0.8625,0.019607844,"[Point(0, 0), Point(1, 0), Point(2, 0), Point(1, 1), Point(0, 2)]",5
17604125,-0.806839,6.466736,7.223297,-0.806839,6.466736,7.223297,-0.806839,6.466736,7.223297,-0.806839,6.466736,7.223297,-0.806839,6.466736,7.223297,-0.806839,6.466736,7.223297,824.7555,612.4802,-6735.0586,6003.6597,0.8625,0.019607844,"[Point(0, 0), Point(1, 0), Point(2, 0), Point(1, 1), Point(0, 2)]",5
17604225,-0.7014923,6.4810944,7.381317,-0.7014923,6.4810944,7.381317,-0.7014923,6.4810944,7.381317,-0.7014923,6.4810944,7.381317,-0.7014923,6.4810944,7.381317,-0.7014923,6.4810944,7.381317,344.08975,1082.2013,-2401.7705,2559.2373,0.8625,0.023529414,"[Point(0, 0), Point(1, 0), Point(2, 0), Point(1, 1), Point(0, 2)]",5
,,,,,,,,,,,,,,,,,,,,,,,,,,
17604367,-1.1563873,6.2799835,7.266388,-1.1563873,6.2799835,7.266388,-1.1563873,6.2799835,7.266388,-1.1563873,6.2799835,7.266388,-1.1563873,6.2799835,7.266388,-1.1563873,6.2799835,7.266388,180,1288,0,0,0.5125,0.003921569,"[Point(0, 0), Point(1, 0), Point(2, 0), Point(1, 1), Point(0, 2)]",6
17604783,-1.2808838,6.926422,6.9982452,-1.2808838,6.926422,6.9982452,-1.2808838,6.926422,6.9982452,-1.2808838,6.926422,6.9982452,-1.2808838,6.926422,6.9982452,-1.2808838,6.926422,6.9982452,142,310,0,0,0.83750004,0.027450982,"[Point(0, 0), Point(1, 0), Point(2, 0), Point(1, 1), Point(0, 2)]",6
17604783,-1.2808838,6.926422,6.9982452,-1.2808838,6.926422,6.9982452,-1.2808838,6.926422,6.9982452,-1.2808838,6.926422,6.9982452,-1.2808838,6.926422,6.9982452,-1.2808838,6.926422,6.9982452,142,310,0,0,0.83750004,0.027450982,"[Point(0, 0), Point(1, 0), Point(2, 0), Point(1, 1), Point(0, 2)]",6
17604892,-0.85472107,6.8498077,7.5920105,-0.85472107,6.8498077,7.5920105,-0.85472107,6.8498077,7.5920105,-0.85472107,6.8498077,7.5920105,-0.85472107,6.8498077,7.5920105,-0.85472107,6.8498077,7.5920105,580.9253,289.19208,7885.2236,-1047.2019,0.83750004,0.015686275,"[Point(0, 0), Point(1, 0), Point(2, 0), Point(1, 1), Point(0, 2)]",6
17604959,-0.7302246,6.4858856,6.9551544,-0.7302246,6.4858856,6.9551544,-0.7302246,6.4858856,6.9551544,-0.7302246,6.4858856,6.9551544,-0.7302246,6.4858856,6.9551544,-0.7302246,6.4858856,6.9551544,1080.81,236.31897,6405.027,-651.72327,0.83750004,0.019607844,"[Point(0, 0), Point(1, 0), Point(2, 0), Point(1, 1), Point(0, 2)]",6
17605177,-0.7014923,6.3709564,7.5536957,5.7373047,-3.7200928,-13.244629,5.7373047,-3.7200928,-13.244629,5.7373047,-3.7200928,-13.244629,5.7373047,-3.7200928,-13.244629,5.7373047,-3.7200928,-13.244629,843.6538,600.44507,-6068.7534,4598.143,0.83750004,0.019607844,"[Point(0, 0), Point(1, 0), Point(2, 0), Point(1, 1), Point(0, 2)]",6
17605343,-1.0702057,6.7540283,7.4579315,-1.0702057,6.7540283,7.4579315,-1.0702057,6.7540283,7.4579315,-1.0702057,6.7540283,7.4579315,-1.0702057,6.7540283,7.4579315,-1.0702057,6.7540283,7.4579315,329.01385,1055.2848,-1245.664,1345.8439,0.83750004,0.015686275,"[Point(0, 0), Point(1, 0), Point(2, 0), Point(1, 1), Point(0, 2)]",6
,,,,,,,,,,,,,,,,,,,,,,,,,,
17605464,-0.73501587,6.5337677,7.266388,-0.73501587,6.5337677,7.266388,0.014923096,0.010650635,-0.004272461,0.014923096,0.010650635,-0.004272461,0.014923096,0.010650635,-0.004272461,0.014923096,0.010650635,-0.004272461,132,1281,0,0,0.25,0.003921569,"[Point(0, 0), Point(1, 0), Point(2, 0), Point(1, 1), Point(0, 2)]",7
17605915,-1.371872,6.873749,7.0461273,6.2591553,-5.635071,-11.741638,6.2591553,-5.635071,-11.741638,6.2591553,-5.635071,-11.741638,6.2591553,-5.635071,-11.741638,6.2591553,-5.635071,-11.741638,166,211,0,0,0.725,0.015686275,"[Point(0, 0), Point(1, 0), Point(2, 0), Point(1, 1), Point(0, 2)]",7
17605915,-1.371872,6.873749,7.0461273,6.2591553,-5.635071,-11.741638,6.2591553,-5.635071,-11.741638,6.2591553,-5.635071,-11.741638,6.2591553,-5.635071,-11.741638,6.2591553,-5.635071,-11.741638,166,211,0,0,0.725,0.015686275,"[Point(0, 0), Point(1, 0), Point(2, 0), Point(1, 1), Point(0, 2)]",7
17606045,-1.6783295,7.127533,7.6351013,-1.6783295,7.127533,7.6351013,-0.1459198,0.06816101,-0.092681885,-0.1459198,0.06816101,-0.092681885,-0.1459198,0.06816101,-0.092681885,-0.1459198,0.06816101,-0.092681885,630.36304,227,7079.083,-0.010252784,0.725,0.019607844,"[Point(0, 0), Point(1, 0), Point(2, 0), Point(1, 1), Point(0, 2)]",7
17606111,-0.67276,6.7013702,6.8450165,7.650757,-5.635071,-12.408447,7.650757,-5.635071,-12.408447,7.650757,-5.635071,-12.408447,7.650757,-5.635071,-12.408447,7.650757,-5.635071,-12.408447,1073.6101,191.9732,3967.6433,-339.34842,0.725,0.015686275,"[Point(0, 0), Point(1, 0), Point(2, 0), Point(1, 1), Point(0, 2)]",7
17606328,-0.9792175,6.629532,7.3238525,-0.9792175,6.629532,7.3238525,-0.9792175,6.629532,7.3238525,-0.9792175,6.629532,7.3238525,-0.9792175,6.629532,7.3238525,-0.9792175,6.629532,7.3238525,756.01697,669.90344,-6588.39,5602.1963,0.725,0.015686275,"[Point(0, 0), Point(1, 0), Point(2, 0), Point(1, 1), Point(0, 2)]",7
17606428,-0.7589569,6.4236298,7.2807617,-0.7589569,6.4236298,7.2807617,-0.13208008,-0.12463379,0.036193848,-0.13208008,-0.12463379,0.036193848,-0.13208008,-0.12463379,0.036193848,-0.13208008,-0.12463379,0.036193848,308.66724,1085.9253,-2340.4492,2601.6638,0.725,0.015686275,"[Point(0, 0), Point(1, 0), Point(2, 0), Point(1, 1), Point(0, 2)]",7
,,,,,,,,,,,,,,,,,,,,,,,,,,
17606527,-0.9265442,6.4380035,7.132324,-0.9265442,6.4380035,7.132324,-0.9265442,6.4380035,7.132324,-0.9265442,6.4380035,7.132324,-0.9265442,6.4380035,7.132324,-0.9265442,6.4380035,7.132324,202.53455,1223.6206,0,0,0.45000002,0.003921569,"[Point(0, 0), Point(1, 0), Point(2, 0), Point(1, 1), Point(0, 2)]",8
17606889,-0.9169769,6.8689575,7.381317,-0.9169769,6.8689575,7.381317,-0.9169769,6.8689575,7.381317,-0.9169769,6.8689575,7.381317,-0.9169769,6.8689575,7.381317,-0.9169769,6.8689575,7.381317,161,250,0,0,0.725,0.015686275,"[Point(0, 0), Point(1, 0), Point(2, 0), Point(1, 1), Point(0, 2)]",8
17606889,-0.9169769,6.8689575,7.381317,-0.9169769,6.8689575,7.381317,-0.9169769,6.8689575,7.381317,-0.9169769,6.8689575,7.381317,-0.9169769,6.8689575,7.381317,-0.9169769,6.8689575,7.381317,161,250,0,0,0.725,0.015686275,"[Point(0, 0), Point(1, 0), Point(2, 0), Point(1, 1), Point(0, 2)]",8
17607046,-0.8164215,6.4188538,6.9359894,-0.8164215,6.4188538,6.9359894,-0.8164215,6.4188538,6.9359894,-0.8164215,6.4188538,6.9359894,-0.8164215,6.4188538,6.9359894,-0.8164215,6.4188538,6.9359894,647.2072,253.56897,6758.1567,-260.08057,0.725,0.019607844,"[Point(0, 0), Point(1, 0), Point(2, 0), Point(1, 1), Point(0, 2)]",8
17607113,-1.3479309,6.648697,7.405258,-1.3479309,6.648697,7.405258,-1.3479309,6.648697,7.405258,-1.3479309,6.648697,7.405258,-1.3479309,6.648697,7.405258,-1.3479309,6.648697,7.405258,1055.2996,234,4957.8677,99.87239,0.725,0.019607844,"[Point(0, 0), Point(1, 0), Point(2, 0), Point(1, 1), Point(0, 2)]",8
17607330,-0.7206421,6.5481415,7.271179,-0.7206421,6.5481415,7.271179,-0.7206421,6.5481415,7.271179,0.32884216,0.1587677,0.26965332,0.32884216,0.1587677,0.26965332,0.32884216,0.1587677,0.26965332,733.4398,720.41956,-8395.599,6536.252,0.725,0.015686275,"[Point(0, 0), Point(1, 0), Point(2, 0), Point(1, 1), Point(0, 2)]",8
17607413,-0.9073944,6.4619446,7.606369,5.7373047,-6.852722,-11.5737915,5.7373047,-6.852722,-11.5737915,5.7373047,-6.852722,-11.5737915,0.0008850098,-0.05340576,0.33354187,0.0008850098,-0.05340576,0.33354187,259.49365,1086.7446,-2193.3796,2016.0662,0.725,0.019607844,"[Point(0, 0), Point(1, 0), Point(2, 0), Point(1, 1), Point(0, 2)]",8
,,,,,,,,,,,,,,,,,,,,,,,,,,
17607517,-0.6871338,6.9168396,7.606369,-0.6871338,6.9168396,7.606369,-0.6871338,6.9168396,7.606369,0.325531,0.15646362,0.27627563,0.325531,0.15646362,0.27627563,0.325531,0.15646362,0.27627563,152,1218,0,0,0.4625,0.007843138,"[Point(0, 0), Point(1, 0), Point(2, 0), Point(1, 1), Point(0, 2)]",9
17607958,-1.06781,6.684601,7.4268036,-1.06781,6.684601,7.4268036,-1.06781,6.684601,7.4268036,-1.06781,6.684601,7.4268036,-1.06781,6.684601,7.4268036,-1.06781,6.684601,7.4268036,246,299,0,0,0.275,0.007843138,"[Point(0, 0), Point(1, 0), Point(2, 0), Point(1, 1), Point(0, 2)]",9
17607958,-1.06781,6.684601,7.4268036,-1.06781,6.684601,7.4268036,-1.06781,6.684601,7.4268036,-1.06781,6.684601,7.4268036,-1.06781,6.684601,7.4268036,-1.06781,6.684601,7.4268036,246,299,0,0,0.275,0.007843138,"[Point(0, 0), Point(1, 0), Point(2, 0), Point(1, 1), Point(0, 2)]",9
17608080,-1.1755524,6.902481,7.4459534,-1.1755524,6.902481,7.4459534,-1.1755524,6.902481,7.4459534,-1.1755524,6.902481,7.4459534,-1.1755524,6.902481,7.4459534,-1.1755524,6.902481,7.4459534,571.77386,276.51886,6133.8174,-696.4194,0.825,0.019607844,"[Point(0, 0), Point(1, 0), Point(2, 0), Point(1, 1), Point(0, 2)]",9
17608164,-0.6152954,6.332657,7.0149994,-0.6152954,6.332657,7.0149994,-0.059631348,0.1374054,-0.13635254,-0.059631348,0.1374054,-0.13635254,0.51460266,-0.2394104,-0.17521667,0.51460266,-0.2394104,-0.17521667,1094.1786,261,4206.6685,-0.017913058,0.825,0.015686275,"[Point(0, 0), Point(1, 0), Point(2, 0), Point(1, 1), Point(0, 2)]",9
17608364,-0.9361267,6.3757477,7.144287,-0.9361267,6.3757477,7.144287,-0.17575073,-0.08735657,0.09265137,-0.17575073,-0.08735657,0.09265137,0.0725708,-0.15292358,-0.10324097,0.0725708,-0.15292358,-0.10324097,837.7139,636.89246,-7042.127,5807.0654,0.825,0.011764707,"[Point(0, 0), Point(1, 0), Point(2, 0), Point(1, 1), Point(0, 2)]",9
17608464,-0.6009369,6.4619446,7.1730194,8.172607,-4.4174194,-10.238647,8.172607,-4.4174194,-10.238647,8.172607,-4.4174194,-10.238647,8.172607,-4.4174194,-10.238647,8.172607,-4.4174194,-10.238647,319.23227,1089.5648,-2787.713,3048.165,0.825,0.019607844,"[Point(0, 0), Point(1, 0), Point(2, 0), Point(1, 1), Point(0, 2)]",9
,,,,,,,,,,,,,,,,,,,,,,,,,,
17608631,-1.0031586,6.5050354,7.685379,-1.0031586,6.5050354,7.685379,-1.0031586,6.5050354,7.685379,-1.0031586,6.5050354,7.685379,-1.0031586,6.5050354,7.685379,-1.0031586,6.5050354,7.685379,164,1271,0,0,0.4375,0.007843138,"[Point(0, 0), Point(1, 0), Point(2, 0), Point(1, 1), Point(0, 2)]",10
17608970,-0.93133545,6.8306427,7.1011963,-0.93133545,6.8306427,7.1011963,0.17044067,0.12461853,0.014892578,0.17044067,0.12461853,0.014892578,0.17044067,0.12461853,0.014892578,0.17044067,0.12461853,0.014892578,215,226,0,0,0.7875,0.023529414,"[Point(0, 0), Point(1, 0), Point(2, 0), Point(1, 1), Point(0, 2)]",10
17608970,-0.93133545,6.8306427,7.1011963,-0.93133545,6.8306427,7.1011963,0.17044067,0.12461853,0.014892578,0.17044067,0.12461853,0.014892578,0.17044067,0.12461853,0.014892578,0.17044067,0.12461853,0.014892578,215,226,0,0,0.7875,0.023529414,"[Point(0, 0), Point(1, 0), Point(2, 0), Point(1, 1), Point(0, 2)]",10
17609115,-1.3910217,7.0269775,8.02536,-1.3910217,7.0269775,8.02536,-1.3910217,7.0269775,8.02536,-1.3910217,7.0269775,8.02536,-1.3910217,7.0269775,8.02536,-1.3910217,7.0269775,8.02536,586.87463,247.7356,7128.3003,-224.60512,0.7875,0.019607844,"[Point(0, 0), Point(1, 0), Point(2, 0), Point(1, 1), Point(0, 2)]",10
17609182,-0.59135437,6.3661804,6.79953,-0.59135437,6.3661804,6.79953,0.018112183,0.1224823,-0.10865784,0.018112183,0.1224823,-0.10865784,0.018112183,0.1224823,-0.10865784,0.018112183,0.1224823,-0.10865784,1054.2365,205.67969,6791.2827,-914.4871,0.7875,0.015686275,"[Point(0, 0), Point(1, 0), Point(2, 0), Point(1, 1), Point(0, 2)]",10
17609398,-0.84513855,6.466736,7.096405,-0.84513855,6.466736,7.096405,-0.84513855,6.466736,7.096405,-0.84513855,6.466736,7.096405,-0.84513855,6.466736,7.096405,-0.84513855,6.466736,7.096405,773.84326,628.964,-6273.811,5228.034,0.7875,0.015686275,"[Point(0, 0), Point(1, 0), Point(2, 0), Point(1, 1), Point(0, 2)]",10
17609499,-0.58657837,6.4188538,8.1019745,-0.58657837,6.4188538,8.1019745,-0.58657837,6.4188538,8.1019745,-0.58657837,6.4188538,8.1019745,-0.58657837,6.4188538,8.1019745,-0.58657837,6.4188538,8.1019745,318.5476,1051.341,-2641.6035,2526.024,0.7875,0.019607844,"[Point(0, 0), Point(1, 0), Point(2, 0), Point(1, 1), Point(0, 2)]",10
,,,,,,,,,,,,,,,,,,,,,,,,,,
17609636,-0.91218567,6.5098267,8.135483,-0.91218567,6.5098267,8.135483,-0.91218567,6.5098267,8.135483,0.30418396,0.17277527,0.3391571,0.30418396,0.17277527,0.3391571,0.30418396,0.17277527,0.3391571,213,1157,0,0,0.32500002,0.007843138,"[Point(0, 0), Point(1, 0), Point(2, 0), Point(1, 1), Point(0, 2)]",11
17610103,-0.9792175,6.7660065,7.5776367,-0.9792175,6.7660065,7.5776367,-0.9792175,6.7660065,7.5776367,-0.9792175,6.7660065,7.5776367,0.04084778,0.1602478,0.4019165,0.04084778,0.1602478,0.4019165,260,237,0,0,0.825,0.023529414,"[Point(0, 0), Point(1, 0), Point(2, 0), Point(1, 1), Point(0, 2)]",11
17610103,-0.9792175,6.7660065,7.5776367,-0.9792175,6.7660065,7.5776367,-0.9792175,6.7660065,7.5776367,-0.9792175,6.7660065,7.5776367,0.04084778,0.1602478,0.4019165,0.04084778,0.1602478,0.4019165,260,237,0,0,0.825,0.023529414,"[Point(0, 0), Point(1, 0), Point(2, 0), Point(1, 1), Point(0, 2)]",11
17610216,-1.7693024,6.8378296,7.716507,-1.7693024,6.8378296,7.716507,-1.7693024,6.8378296,7.716507,0.309021,0.18803406,0.3422699,0.309021,0.18803406,0.3422699,0.309021,0.18803406,0.3422699,618.2168,237,6558.4404,0.007903535,0.825,0.019607844,"[Point(0, 0), Point(1, 0), Point(2, 0), Point(1, 1), Point(0, 2)]",11
17610283,-0.57699585,6.3206787,6.907257,-0.57699585,6.3206787,6.907257,-0.57699585,6.3206787,6.907257,-0.57699585,6.3206787,6.907257,0.5886688,-0.19242859,-0.33068848,0.5886688,-0.19242859,-0.33068848,1065.7018,221.44073,6357.868,-259.3218,0.825,0.023529414,"[Point(0, 0), Point(1, 0), Point(2, 0), Point(1, 1), Point(0, 2)]",11
17610500,-1.2665253,6.689392,7.266388,-1.2665253,6.689392,7.266388,-1.2665253,6.689392,7.266388,-1.2665253,6.689392,7.266388,-1.2665253,6.689392,7.266388,-1.2665253,6.689392,7.266388,744.78375,637.8469,-6272.944,5227.347,0.825,0.015686275,"[Point(0, 0), Point(1, 0), Point(2, 0), Point(1, 1), Point(0, 2)]",11
17610617,-0.7158661,6.3159027,7.5489044,-0.7158661,6.3159027,7.5489044,-0.7158661,6.3159027,7.5489044,0.3015442,0.18307495,0.3556671,0.3015442,0.18307495,0.3556671,0.3015442,0.18307495,0.3556671,326.8559,1088.8588,-1597.8944,2036.9084,0.825,0.019607844,"[Point(0, 0), Point(1, 0), Point(2, 0), Point(1, 1), Point(0, 2)]",11
,,,,,,,,,,,,,,,,,,,,,,,,,,
17610800,-0.8978119,6.411667,8.171402,-0.8978119,6.411667,8.171402,-0.8978119,6.411667,8.171402,0.29881287,0.17959595,0.36006165,0.29881287,0.17959595,0.36006165,0.29881287,0.17959595,0.36006165,219,1225,0,0,0.4375,0.015686275,"[Point(0, 0), Point(1, 0), Point(2, 0), Point(1, 1), Point(0, 2)]",12
17611172,-1.0845642,6.48349,7.539337,-1.0845642,6.48349,7.539337,-1.0845642,6.48349,7.539337,-1.0845642,6.48349,7.539337,-1.0845642,6.48349,7.539337,-1.0845642,6.48349,7.539337,237,284,0,0,0.7875,0.015686275,"[Point(0, 0), Point(1, 0), Point(2, 0), Point(1, 1), Point(0, 2)]",12
17611172,-1.0845642,6.48349,7.539337,-1.0845642,6.48349,7.539337,-1.0845642,6.48349,7.539337,-1.0845642,6.48349,7.539337,-1.0845642,6.48349,7.539337,-1.0845642,6.48349,7.539337,237,284,0,0,0.7875,0.015686275,"[Point(0, 0), Point(1, 0), Point(2, 0), Point(1, 1), Point(0, 2)]",12
17611284,-0.6152954,6.526581,7.223297,-0.6152954,6.526581,7.223297,-0.6152954,6.526581,7.223297,-0.6152954,6.526581,7.223297,-0.6152954,6.526581,7.223297,-0.6152954,6.526581,7.223297,584.18695,269.58337,5922.2173,-526.4672,0.7875,0.019607844,"[Point(0, 0), Point(1, 0), Point(2, 0), Point(1, 1), Point(0, 2)]",12
17611368,-1.3910217,6.421234,7.582428,-1.3910217,6.421234,7.582428,-1.3910217,6.421234,7.582428,-1.3910217,6.421234,7.582428,-1.3910217,6.421234,7.582428,-1.3910217,6.421234,7.582428,1045.2024,230.24426,3419.667,-294.34824,0.7875,0.023529414,"[Point(0, 0), Point(1, 0), Point(2, 0), Point(1, 1), Point(0, 2)]",12
17611585,-1.0366821,6.48349,7.113159,8.520508,-5.11322,-11.239624,8.520508,-5.11322,-11.239624,8.520508,-5.11322,-11.239624,8.520508,-5.11322,-11.239624,8.520508,-5.11322,-11.239624,786.5334,634.8091,-5834.7583,5570.804,0.7875,0.019607844,"[Point(0, 0), Point(1, 0), Point(2, 0), Point(1, 1), Point(0, 2)]",12
17611702,-0.6871338,6.1961823,7.9080353,-0.6871338,6.1961823,7.9080353,-0.09692383,-0.10865784,-0.027709961,-0.09692383,-0.10865784,-0.027709961,-0.09692383,-0.10865784,-0.027709961,-0.09692383,-0.10865784,-0.027709961,337.88654,1113.5361,-2720.3242,3281.1416,0.7875,0.015686275,"[Point(0, 0), Point(1, 0), Point(2, 0), Point(1, 1), Point(0, 2)]",12
,,,,,,,,,,,,,,,,,,,,,,,,,,
17611877,-0.9265442,6.2249146,7.9511414,-0.9265442,6.2249146,7.9511414,-0.9265442,6.2249146,7.9511414,-0.9265442,6.2249146,7.9511414,-0.9265442,6.2249146,7.9511414,-0.9265442,6.2249146,7.9511414,210,1254,0,0,0.26250002,0.003921569,"[Point(0, 0), Point(1, 0), Point(2, 0), Point(1, 1), Point(0, 2)]",13
17612250,-0.9504852,6.6079865,7.4100494,-0.9504852,6.6079865,7.4100494,-0.9504852,6.6079865,7.4100494,-0.9504852,6.6079865,7.4100494,-0.9504852,6.6079865,7.4100494,-0.9504852,6.6079865,7.4100494,133,266,0,0,0.8125,0.023529414,"[Point(0, 0), Point(1, 0), Point(2, 0), Point(1, 1), Point(0, 2)]",13
17612250,-0.9504852,6.6079865,7.4100494,-0.9504852,6.6079865,7.4100494,-0.9504852,6.6079865,7.4100494,-0.9504852,6.6079865,7.4100494,-0.9504852,6.6079865,7.4100494,-0.9504852,6.6079865,7.4100494,133,266,0,0,0.8125,0.023529414,"[Point(0, 0), Point(1, 0), Point(2, 0), Point(1, 1), Point(0, 2)]",13
17612386,-1.5203094,6.8569794,7.831421,-1.5203094,6.8569794,7.831421,-1.5203094,6.8569794,7.831421,-1.5203094,6.8569794,7.831421,-0.49440002,0.36720276,0.55140686,-0.49440002,0.36720276,0.55140686,624.4961,225.67377,5670.8477,-516.8666,0.8125,0.019607844,"[Point(0, 0), Point(1, 0), Point(2, 0), Point(1, 1), Point(0, 2)]",13
17612453,-0.62008667,6.32547,6.9407806,-0.62008667,6.32547,6.9407806,-0.62008667,6.32547,6.9407806,-0.62008667,6.32547,6.9407806,-0.62008667,6.32547,6.9407806,-0.62008667,6.32547,6.9407806,1043.9244,195.11426,4777.1665,-387.34607,0.8125,0.019607844,"[Point(0, 0), Point(1, 0), Point(2, 0), Point(1, 1), Point(0, 2)]",13
17612687,-0.84513855,6.3781433,7.400467,7.824707,-5.809021,-10.238647,7.824707,-5.809021,-10.238647,0.29241943,0.19741821,0.40447998,0.29241943,0.19741821,0.40447998,0.29241943,0.19741821,0.40447998,789.8954,636.81995,-5791.09,5132.5527,0.8125,0.019607844,"[Point(0, 0), Point(1, 0), Point(2, 0), Point(1, 1), Point(0, 2)]",13
17612787,-0.7302246,6.392517,7.860153,-0.7302246,6.392517,7.860153,-0.7302246,6.392517,7.860153,-0.7302246,6.392517,7.860153,-0.7302246,6.392517,7.860153,-0.7302246,6.392517,7.860153,318.7424,1086.4495,-2691.8652,3204.948,0.8125,0.019607844,"[Point(0, 0), Point(1, 0), Point(2, 0), Point(1, 1), Point(0, 2)]",13
,,,,,,,,,,,,,,,,,,,,,,,,,,
17612993,-0.8164215,6.234497,7.424408,-0.8164215,6.234497,7.424408,-0.8164215,6.234497,7.424408,-0.8164215,6.234497,7.424408,-0.8164215,6.234497,7.424408,-0.8164215,6.234497,7.424408,219,1214,0,0,0.3375,0.007843138,"[Point(0, 0), Point(1, 0), Point(2, 0), Point(1, 1), Point(0, 2)]",14
17613375,-0.8882446,6.392517,7.4196167,-0.8882446,6.392517,7.4196167,-0.8882446,6.392517,7.4196167,-0.8882446,6.392517,7.4196167,0.016159058,-0.03829956,0.071517944,0.016159058,-0.03829956,0.071517944,248,290,0,0,0.45000002,0.015686275,"[Point(0, 0), Point(1, 0), Point(2, 0), Point(1, 1), Point(0, 2)]",14
17613375,-0.8882446,6.392517,7.4196167,-0.8882446,6.392517,7.4196167,-0.8882446,6.392517,7.4196167,-0.8882446,6.392517,7.4196167,0.016159058,-0.03829956,0.071517944,0.016159058,-0.03829956,0.071517944,248,290,0,0,0.45000002,0.015686275,"[Point(0, 0), Point(1, 0), Point(2, 0), Point(1, 1), Point(0, 2)]",14
17613488,-1.3048248,6.62236,7.5201874,-1.3048248,6.62236,7.5201874,-0.018096924,0.076675415,-0.05645752,0.29119873,0.20214844,0.41662598,0.29119873,0.20214844,0.41662598,0.29119873,0.20214844,0.41662598,652.6446,244.33496,7297.7095,-523.078,0.825,0.019607844,"[Point(0, 0), Point(1, 0), Point(2, 0), Point(1, 1), Point(0, 2)]",14
17613555,-0.31362915,6.2871704,7.0509186,-0.31362915,6.2871704,7.0509186,-0.31362915,6.2871704,7.0509186,-0.31362915,6.2871704,7.0509186,0.66049194,-0.113723755,-0.31437683,0.66049194,-0.113723755,-0.31437683,1086.7847,209.07562,4541.192,-389.24533,0.825,0.015686275,"[Point(0, 0), Point(1, 0), Point(2, 0), Point(1, 1), Point(0, 2)]",14
17613755,-0.8211975,6.205765,7.1371,-0.8211975,6.205765,7.1371,-0.8211975,6.205765,7.1371,-0.8211975,6.205765,7.1371,0.0736084,-0.14872742,-0.27816772,0.0736084,-0.14872742,-0.27816772,709.4051,637.8755,-6998.385,6234.925,0.825,0.019607844,"[Point(0, 0), Point(1, 0), Point(2, 0), Point(1, 1), Point(0, 2)]",14
17613855,-0.5817871,6.277588,7.64946,-0.5817871,6.277588,7.64946,-0.19065857,-0.106536865,0.014892578,-0.19065857,-0.106536865,0.014892578,-0.19065857,-0.106536865,0.014892578,-0.19065857,-0.106536865,0.014892578,294.83524,1066.4976,-1528.2683,2118.2053,0.825,0.023529414,"[Point(0, 0), Point(1, 0), Point(2, 0), Point(1, 1), Point(0, 2)]",14
,,,,,,,,,,,,,,,,,,,,,,,,,,
17614087,-0.7589569,6.2009735,8.348572,-0.7589569,6.2009735,8.348572,0.028762817,0.057510376,0.048980713,0.028762817,0.057510376,0.048980713,0.028762817,0.057510376,0.048980713,0.028762817,0.057510376,0.048980713,230.16849,1153,0,0,0.5375,0.015686275,"[Point(0, 0), Point(1, 0), Point(2, 0), Point(1, 1), Point(0, 2)]",15
17614442,-0.9073944,6.349411,7.5728455,-0.9073944,6.349411,7.5728455,0.17364502,0.09371948,0.003189087,0.17364502,0.09371948,0.003189087,0.17364502,0.09371948,0.003189087,0.17364502,0.09371948,0.003189087,178,231,0,0,0.6,0.011764707,"[Point(0, 0), Point(1, 0), Point(2, 0), Point(1, 1), Point(0, 2)]",15
17614442,-0.9073944,6.349411,7.5728455,-0.9073944,6.349411,7.5728455,0.17364502,0.09371948,0.003189087,0.17364502,0.09371948,0.003189087,0.17364502,0.09371948,0.003189087,0.17364502,0.09371948,0.003189087,178,231,0,0,0.6,0.011764707,"[Point(0, 0), Point(1, 0), Point(2, 0), Point(1, 1), Point(0, 2)]",15
17614590,-0.67755127,6.32547,7.7356567,-0.67755127,6.32547,7.7356567,-0.67755127,6.32547,7.7356567,-0.67755127,6.32547,7.7356567,-0.67755127,6.32547,7.7356567,-0.67755127,6.32547,7.7356567,624.27264,211.78955,6439.6196,-569.9914,0.875,0.019607844,"[Point(0, 0), Point(1, 0), Point(2, 0), Point(1, 1), Point(0, 2)]",15
17614657,-0.75416565,6.3781433,7.1562653,-0.75416565,6.3781433,7.1562653,0.026641846,0.13208008,-0.10333252,0.026641846,0.13208008,-0.10333252,0.026641846,0.13208008,-0.10333252,0.026641846,0.13208008,-0.10333252,1077.0936,179.26776,4371.3584,-20.06816,0.875,0.015686275,"[Point(0, 0), Point(1, 0), Point(2, 0), Point(1, 1), Point(0, 2)]",15
17614857,-0.96006775,6.282379,7.448349,-0.96006775,6.282379,7.448349,-0.08732605,-0.021316528,0.14273071,-0.08732605,-0.021316528,0.14273071,-0.08732605,-0.021316528,0.14273071,-0.08732605,-0.021316528,0.14273071,800.2863,605.6516,-5717.5166,5294.747,0.875,0.015686275,"[Point(0, 0), Point(1, 0), Point(2, 0), Point(1, 1), Point(0, 2)]",15
17614957,-0.32321167,6.071686,8.228867,-0.32321167,6.071686,8.228867,-0.32321167,6.071686,8.228867,-0.32321167,6.071686,8.228867,-0.32321167,6.071686,8.228867,-0.32321167,6.071686,8.228867,364.71133,1080.7264,-2116.2427,2678.8958,0.875,0.019607844,"[Point(0, 0), Point(1, 0), Point(2, 0), Point(1, 1), Point(0, 2)]",15
,,,,,,,,,,,,,,,,,,,,,,,,,,
17615201,-0.79248047,6.416458,7.6111603,-0.79248047,6.416458,7.6111603,-0.79248047,6.416458,7.6111603,0.27085876,0.19612122,0.4575653,0.27085876,0.19612122,0.4575653,0.27085876,0.19612122,0.4575653,254,1227,0,0,0.475,0.003921569,"[Point(0, 0), Point(1, 0), Point(2, 0), Point(1, 1), Point(0, 2)]",16
17615549,-0.9169769,6.2680054,7.558487,-0.9169769,6.2680054,7.558487,-0.9169769,6.2680054,7.558487,-0.9169769,6.2680054,7.558487,-0.9169769,6.2680054,7.558487,-0.9169769,6.2680054,7.558487,255,293,0,0,0.825,0.023529414,"[Point(0, 0), Point(1, 0), Point(2, 0), Point(1, 1), Point(0, 2)]",16
17615549,-0.9169769,6.2680054,7.558487,-0.9169769,6.2680054,7.558487,-0.9169769,6.2680054,7.558487,-0.9169769,6.2680054,7.558487,-0.9169769,6.2680054,7.558487,-0.9169769,6.2680054,7.558487,255,293,0,0,0.825,0.023529414,"[Point(0, 0), Point(1, 0), Point(2, 0), Point(1, 1), Point(0, 2)]",16
17615658,-0.7398071,6.392517,7.702133,7.4768066,-4.76532,-10.571289,7.4768066,-4.76532,-10.571289,7.4768066,-4.76532,-10.571289,0.18449402,0.037857056,0.2904358,0.18449402,0.037857056,0.2904358,553.08984,272.06573,7040.618,-651.84125,0.825,0.019607844,"[Point(0, 0), Point(1, 0), Point(2, 0), Point(1, 1), Point(0, 2)]",16
17615725,-0.6919098,6.2440643,7.223297,-0.6919098,6.2440643,7.223297,-0.6919098,6.2440643,7.223297,-0.6919098,6.2440643,7.223297,-0.6919098,6.2440643,7.223297,-0.6919098,6.2440643,7.223297,1026.3392,218.84009,5633.757,-409.64755,0.825,0.019607844,"[Point(0, 0), Point(1, 0), Point(2, 0), Point(1, 1), Point(0, 2)]",16
17615942,-0.7589569,6.397293,7.3382263,-0.7589569,6.397293,7.3382263,-0.7589569,6.397293,7.3382263,0.27450562,0.21012878,0.462677,0.27450562,0.21012878,0.462677,0.27450562,0.21012878,0.462677,843.8319,597.57886,-5400.3296,5024.957,0.825,0.023529414,"[Point(0, 0), Point(1, 0), Point(2, 0), Point(1, 1), Point(0, 2)]",16
17616059,-0.57699585,6.0860596,7.94635,-0.57699585,6.0860596,7.94635,-0.57699585,6.0860596,7.94635,-0.57699585,6.0860596,7.94635,-0.57699585,6.0860596,7.94635,-0.57699585,6.0860596,7.94635,336.22333,1107.4708,-2036.1942,2498.254,0.825,0.015686275,"[Point(0, 0), Point(1, 0), Point(2, 0), Point(1, 1), Point(0, 2)]",16
,,,,,,,,,,,,,,,,,,,,,,,,,,
17616261,-0.5434723,6.46434,8.008591,-0.5434723,6.46434,8.008591,-0.5434723,6.46434,8.008591,-0.5434723,6.46434,8.008591,-0.5434723,6.46434,8.008591,-0.5434723,6.46434,8.008591,258,1215,0,0,0.52500004,0.015686275,"[Point(0, 0), Point(1, 0), Point(2, 0), Point(1, 1), Point(0, 2)]",17
17616675,-0.964859,6.5361633,7.63031,-0.964859,6.5361633,7.63031,-0.964859,6.5361633,7.63031,-0.964859,6.5361633,7.63031,-0.964859,6.5361633,7.63031,-0.964859,6.5361633,7.63031,198,307,0,0,0.5125,0.015686275,"[Point(0, 0), Point(1, 0), Point(2, 0), Point(1, 1), Point(0, 2)]",17
17616675,-0.964859,6.5361633,7.63031,-0.964859,6.5361633,7.63031,-0.964859,6.5361633,7.63031,-0.964859,6.5361633,7.63031,-0.964859,6.5361633,7.63031,-0.964859,6.5361633,7.63031,198,307,0,0,0.5125,0.015686275,"[Point(0, 0), Point(1, 0), Point(2, 0), Point(1, 1), Point(0, 2)]",17
17616810,-1.1515961,6.732483,7.716507,-1.1515961,6.732483,7.716507,-0.113967896,0.057510376,-0.08735657,-0.113967896,0.057510376,-0.08735657,-0.13945007,0.33981323,0.34924316,-0.13945007,0.33981323,0.34924316,654.90314,286.62097,6069.1655,-345.00632,0.8125,0.019607844,"[Point(0, 0), Point(1, 0), Point(2, 0), Point(1, 1), Point(0, 2)]",17
17616876,-0.64881897,6.253647,7.4579315,-0.64881897,6.253647,7.4579315,-0.64881897,6.253647,7.4579315,-0.64881897,6.253647,7.4579315,-0.64881897,6.253647,7.4579315,-0.64881897,6.253647,7.4579315,1067.5892,253.78247,3991.5413,-263.34482,0.8125,0.015686275,"[Point(0, 0), Point(1, 0), Point(2, 0), Point(1, 1), Point(0, 2)]",17
17617077,-0.8211975,6.3542023,7.333435,8.520508,-4.4174194,-10.238647,8.520508,-4.4174194,-10.238647,8.520508,-4.4174194,-10.238647,8.520508,-4.4174194,-10.238647,8.520508,-4.4174194,-10.238647,845.4329,601.31335,-5909.323,4646.438,0.8125,0.015686275,"[Point(0, 0), Point(1, 0), Point(2, 0), Point(1, 1), Point(0, 2)]",17
17617177,-0.67276,6.3111115,7.4531403,-0.67276,6.3111115,7.4531403,-0.102249146,-0.10014343,0.0021209717,-0.102249146,-0.10014343,0.0021209717,0.18807983,0.032165527,-0.03036499,0.18807983,0.032165527,-0.03036499,334.02332,1047.7527,-3697.363,4022.5894,0.8125,0.015686275,"[Point(0, 0), Point(1, 0), Point(2, 0), Point(1, 1), Point(0, 2)]",17
,,,,,,,,,,,,,,,,,,,,,,,,,,
17617418,-0.86909485,6.5361633,8.008591,-0.86909485,6.5361633,8.008591,0.021316528,0.07028198,0.0053253174,0.021316528,0.07028198,0.0053253174,-0.06478882,0.31573486,0.4701538,-0.06478882,0.31573486,0.4701538,186,1230,0,0,0.5125,0.015686275,"[Point(0, 0), Point(1, 0), Point(2, 0), Point(1, 1), Point(0, 2)]",18
17617781,-1.1803284,6.4068756,7.6398926,-1.1803284,6.4068756,7.6398926,0.22157288,0.088394165,0.012756348,0.22157288,0.088394165,0.012756348,0.22157288,0.088394165,0.012756348,0.22157288,0.088394165,0.012756348,209,269,0,0,0.8625,0.023529414,"[Point(0, 0), Point(1, 0), Point(2, 0), Point(1, 1), Point(0, 2)]",18
17617781,-1.1803284,6.4068756,7.6398926,-1.1803284,6.4068756,7.6398926,0.22157288,0.088394165,0.012756348,0.22157288,0.088394165,0.012756348,0.22157288,0.088394165,0.012756348,0.22157288,0.088394165,0.012756348,209,269,0,0,0.8625,0.023529414,"[Point(0, 0), Point(1, 0), Point(2, 0), Point(1, 1), Point(0, 2)]",18
17617895,-1.079773,6.5170135,7.740448,-1.079773,6.5170135,7.740448,-1.079773,6.5170135,7.740448,-1.079773,6.5170135,7.740448,-1.079773,6.5170135,7.740448,-1.079773,6.5170135,7.740448,572.0383,231.29272,7040.419,-641.507,0.8625,0.019607844,"[Point(0, 0), Point(1, 0), Point(2, 0), Point(1, 1), Point(0, 2)]",18
17617978,-0.38545227,6.3589935,7.491455,-0.38545227,6.3589935,7.491455,-0.04046631,0.067092896,-0.106536865,-0.04046631,0.067092896,-0.106536865,-0.04046631,0.067092896,-0.106536865,-0.04046631,0.067092896,-0.106536865,1081.6421,193.02753,3205.1316,-259.63528,0.8625,0.015686275,"[Point(0, 0), Point(1, 0), Point(2, 0), Point(1, 1), Point(0, 2)]",18
17618195,-1.0606232,6.50264,7.3477936,10.087585,-3.5461426,-10.739136,10.087585,-3.5461426,-10.739136,10.087585,-3.5461426,-10.739136,10.087585,-3.5461426,-10.739136,10.087585,-3.5461426,-10.739136,725.1394,646.8606,-6166.583,6166.5835,0.8625,0.015686275,"[Point(0, 0), Point(1, 0), Point(2, 0), Point(1, 1), Point(0, 2)]",18
17618295,-0.54826355,6.301529,7.783539,-0.54826355,6.301529,7.783539,-0.54826355,6.301529,7.783539,-0.54826355,6.301529,7.783539,-0.54826355,6.301529,7.783539,-0.54826355,6.301529,7.783539,292.27966,1092.1404,-1933.9089,2026.6583,0.8625,0.015686275,"[Point(0, 0), Point(1, 0), Point(2, 0), Point(1, 1), Point(0, 2)]",18
,,,,,,,,,,,,,,,,,,,,,,,,,,
17618516,-0.4812317,5.9232483,8.549683,-0.4812317,5.9232483,8.549683,-0.4812317,5.9232483,8.549683,-0.4812317,5.9232483,8.549683,0.21742249,-0.18943787,0.91322327,0.21742249,-0.18943787,0.91322327,186,1196,0,0,0.25,0.003921569,"[Point(0, 0), Point(1, 0), Point(2, 0), Point(1, 1), Point(0, 2)]",19
17618873,-0.96006775,6.435608,7.826645,-0.96006775,6.435608,7.826645,-0.96006775,6.435608,7.826645,-0.96006775,6.435608,7.826645,-0.96006775,6.435608,7.826645,-0.96006775,6.435608,7.826645,213,281,0,0,0.5375,0.015686275,"[Point(0, 0), Point(1, 0), Point(2, 0), Point(1, 1), Point(0, 2)]",19
17618873,-0.96006775,6.435608,7.826645,-0.96006775,6.435608,7.826645,-0.96006775,6.435608,7.826645,-0.96006775,6.435608,7.826645,-0.96006775,6.435608,7.826645,-0.96006775,6.435608,7.826645,213,281,0,0,0.5375,0.015686275,"[Point(0, 0), Point(1, 0), Point(2, 0), Point(1, 1), Point(0, 2)]",19
17619013,-0.7493744,6.4547577,7.5249634,-0.7493744,6.4547577,7.5249634,-0.7493744,6.4547577,7.5249634,0.26197815,0.21601868,0.4931183,0.26197815,0.21601868,0.4931183,0.26197815,0.21601868,0.4931183,622.4572,222.62085,6288.735,-917.3646,0.9125,0.023529414,"[Point(0, 0), Point(1, 0), Point(2, 0), Point(1, 1), Point(0, 2)]",19
17619096,-0.9361267,6.2201233,7.8457947,8.520508,-3.7200928,-10.905457,8.520508,-3.7200928,-10.905457,8.520508,-3.7200928,-10.905457,-0.013458252,0.01361084,0.30944824,-0.013458252,0.01361084,0.30944824,1071.6141,153.4837,3181.3284,-583.4972,0.65000004,0.019607844,"[Point(0, 0), Point(1, 0), Point(2, 0), Point(1, 1), Point(0, 2)]",19
17619313,-0.6536102,6.052536,7.1897736,8.346558,-4.93927,-10.070801,8.346558,-4.93927,-10.070801,8.346558,-4.93927,-10.070801,0.14483643,-0.12823486,-0.38171387,0.14483643,-0.12823486,-0.38171387,777.0741,605.9719,-5982.981,5787.164,0.65000004,0.015686275,"[Point(0, 0), Point(1, 0), Point(2, 0), Point(1, 1), Point(0, 2)]",19
17619413,-0.46206665,5.918457,7.9128265,-0.46206665,5.918457,7.9128265,-0.46206665,5.918457,7.9128265,0.25778198,0.20785522,0.50505066,0.25778198,0.20785522,0.50505066,0.25778198,0.20785522,0.50505066,301.73648,1094.4023,-2882.8613,3464.9165,0.65000004,0.023529414,"[Point(0, 0), Point(1, 0), Point(2, 0), Point(1, 1), Point(0, 2)]",19
,,,,,,,,,,,,,,,,,,,,,,,,,,
17619608,-0.6919098,6.143509,8.224075,-0.6919098,6.143509,8.224075,-0.6919098,6.143509,8.224075,-0.6919098,6.143509,8.224075,-0.6919098,6.143509,8.224075,-0.6919098,6.143509,8.224075,188.50053,1231,0,0,0.25,0.003921569,"[Point(0, 0), Point(1, 0), Point(2, 0), Point(1, 1), Point(0, 2)]",20
17619998,-1.098938,6.4786987,7.726074,7.998657,-5.982971,-10.404968,7.998657,-5.982971,-10.404968,7.998657,-5.982971,-10.404968,7.998657,-5.982971,-10.404968,7.998657,-5.982971,-10.404968,199,273,0,0,0.4,0.007843138,"[Point(0, 0), Point(1, 0), Point(2, 0), Point(1, 1), Point(0, 2)]",20
17619998,-1.098938,6.4786987,7.726074,7.998657,-5.982971,-10.404968,7.998657,-5.982971,-10.404968,7.998657,-5.982971,-10.404968,7.998657,-5.982971,-10.404968,7.998657,-5.982971,-10.404968,199,273,0,0,0.4,0.007843138,"[Point(0, 0), Point(1, 0), Point(2, 0), Point(1, 1), Point(0, 2)]",20
17620131,-1.1085052,6.598419,8.152252,-1.1085052,6.598419,8.152252,0.0021362305,0.018096924,0.0084991455,0.0021362305,0.018096924,0.0084991455,0.0021362305,0.018096924,0.0084991455,0.0021362305,0.018096924,0.0084991455,646.9015,220.28058,6815.849,-786.5941,0.875,0.019607844,"[Point(0, 0), Point(1, 0), Point(2, 0), Point(1, 1), Point(0, 2)]",20
17620198,-0.5817871,6.210556,7.2759705,8.520508,-4.4174194,-10.905457,8.520508,-4.4174194,-10.905457,8.520508,-4.4174194,-10.905457,8.520508,-4.4174194,-10.905457,8.520508,-4.4174194,-10.905457,1038.5961,192.11346,3593.8093,-192.74771,0.875,0.015686275,"[Point(0, 0), Point(1, 0), Point(2, 0), Point(1, 1), Point(0, 2)]",20
17620398,-0.9265442,6.4068756,7.5249634,-0.9265442,6.4068756,7.5249634,-0.9265442,6.4068756,7.5249634,-0.9265442,6.4068756,7.5249634,-0.9265442,6.4068756,7.5249634,-0.9265442,6.4068756,7.5249634,799.2166,588.6846,-5574.758,5179.829,0.875,0.015686275,"[Point(0, 0), Point(1, 0), Point(2, 0), Point(1, 1), Point(0, 2)]",20
17620498,-0.41418457,6.095627,8.018173,-0.41418457,6.095627,8.018173,-0.41418457,6.095627,8.018173,-0.41418457,6.095627,8.018173,-0.41418457,6.095627,8.018173,-0.41418457,6.095627,8.018173,334.0755,1052.58,-3722.079,4301.963,0.875,0.015686275,"[Point(0, 0), Point(1, 0), Point(2, 0), Point(1, 1), Point(0, 2)]",20
,,,,,,,,,,,,,,,,,,,,,,,,,,
17620733,-0.76852417,6.440399,8.243225,8.172607,-4.4174194,-9.90448,8.172607,-4.4174194,-9.90448,0.25912476,0.22116089,0.508255,0.25912476,0.22116089,0.508255,0.25912476,0.22116089,0.508255,163,1255,0,0,0.26250002,0.007843138,"[Point(0, 0), Point(1, 0), Point(2, 0), Point(1, 1), Point(0, 2)]",21
17621140,-0.87387085,6.3206787,7.783539,7.998657,-4.93927,-10.404968,7.998657,-4.93927,-10.404968,0.26853943,0.2368927,0.504303,0.26853943,0.2368927,0.504303,0.26853943,0.2368927,0.504303,241,292,0,0,0.6125,0.015686275,"[Point(0, 0), Point(1, 0), Point(2, 0), Point(1, 1), Point(0, 2)]",21
17621140,-0.87387085,6.3206787,7.783539,7.998657,-4.93927,-10.404968,7.998657,-4.93927,-10.404968,0.26853943,0.2368927,0.504303,0.26853943,0.2368927,0.504303,0.26853943,0.2368927,0.504303,241,292,0,0,0.6125,0.015686275,"[Point(0, 0), Point(1, 0), Point(2, 0), Point(1, 1), Point(0, 2)]",21
17621249,-1.3574982,6.8617706,7.2999115,-1.3574982,6.8617706,7.2999115,-1.3574982,6.8617706,7.2999115,-1.3574982,6.8617706,7.2999115,-1.3574982,6.8617706,7.2999115,-1.3574982,6.8617706,7.2999115,587.9534,299.45184,6323.9297,-387.3557,0.6125,0.019607844,"[Point(0, 0), Point(1, 0), Point(2, 0), Point(1, 1), Point(0, 2)]",21
17621333,-0.41897583,6.4308167,7.1610565,-0.41897583,6.4308167,7.1610565,-0.010650635,0.07241821,-0.07777405,0.26931763,0.24282837,0.5047455,0.26931763,0.24282837,0.5047455,0.26931763,0.24282837,0.5047455,1091.059,239.17645,3993.0361,-859.3536,0.6125,0.019607844,"[Point(0, 0), Point(1, 0), Point(2, 0), Point(1, 1), Point(0, 2)]",21
17621533,-0.96006775,6.526581,6.969513,-0.96006775,6.526581,6.969513,-0.17788696,-0.078826904,0.097976685,0.2679596,0.24279785,0.5074768,0.2679596,0.24279785,0.5074768,0.2679596,0.24279785,0.5074768,788.0391,637.03076,-5908.795,4793.979,0.6125,0.019607844,"[Point(0, 0), Point(1, 0), Point(2, 0), Point(1, 1), Point(0, 2)]",21
17621617,-0.8786621,6.3542023,7.582428,-0.8786621,6.3542023,7.582428,-0.8786621,6.3542023,7.582428,-0.8786621,6.3542023,7.582428,-0.8786621,6.3542023,7.582428,-0.8786621,6.3542023,7.582428,335.33087,1047.7557,-3651.5388,4007.923,0.6125,0.015686275,"[Point(0, 0), Point(1, 0), Point(2, 0), Point(1, 1), Point(0, 2)]",21
,,,,,,,,,,,,,,,,,,,,,,,,,,
17621845,-1.0031586,6.5122223,7.898468,9.043884,-4.93927,-10.739136,9.043884,-4.93927,-10.739136,9.043884,-4.93927,-10.739136,9.043884,-4.93927,-10.739136,9.043884,-4.93927,-10.739136,172.4569,1242.8147,0,0,0.2875,0.007843138,"[Point(0, 0), Point(1, 0), Point(2, 0), Point(1, 1), Point(0, 2)]",22
17622226,-1.127655,6.531372,7.5249634,-1.127655,6.531372,7.5249634,-1.127655,6.531372,7.5249634,-1.127655,6.531372,7.5249634,-1.127655,6.531372,7.5249634,-1.127655,6.531372,7.5249634,260,293,0,0,0.625,0.015686275,"[Point(0, 0), Point(1, 0), Point(2, 0), Point(1, 1), Point(0, 2)]",22
17622226,-1.127655,6.531372,7.5249634,-1.127655,6.531372,7.5249634,-1.127655,6.531372,7.5249634,-1.127655,6.531372,7.5249634,-1.127655,6.531372,7.5249634,-1.127655,6.531372,7.5249634,260,293,0,0,0.625,0.015686275,"[Point(0, 0), Point(1, 0), Point(2, 0), Point(1, 1), Point(0, 2)]",22
17622334,-0.9792175,6.7229156,7.922409,-0.9792175,6.7229156,7.922409,-0.9792175,6.7229156,7.922409,-0.9792175,6.7229156,7.922409,-0.9792175,6.7229156,7.922409,-0.9792175,6.7229156,7.922409,559.2722,269.11414,6645.258,-1106.7444,0.90000004,0.015686275,"[Point(0, 0), Point(1, 0), Point(2, 0), Point(1, 1), Point(0, 2)]",22
17622417,-0.5051727,6.2680054,6.9551544,-0.5051727,6.2680054,6.9551544,-0.5051727,6.2680054,6.9551544,-0.5051727,6.2680054,6.9551544,-0.5051727,6.2680054,6.9551544,-0.5051727,6.2680054,6.9551544,1050.8412,204.18176,3862.077,-566.712,0.90000004,0.019607844,"[Point(0, 0), Point(1, 0), Point(2, 0), Point(1, 1), Point(0, 2)]",22
17622634,-0.9265442,6.4260254,7.2951202,-0.9265442,6.4260254,7.2951202,-0.9265442,6.4260254,7.2951202,-0.9265442,6.4260254,7.2951202,-0.9265442,6.4260254,7.2951202,-0.9265442,6.4260254,7.2951202,735.6311,642.8793,-7066.296,5970.247,0.6375,0.015686275,"[Point(0, 0), Point(1, 0), Point(2, 0), Point(1, 1), Point(0, 2)]",22
17622718,-0.6152954,6.0860596,7.7691803,-0.6152954,6.0860596,7.7691803,-0.6152954,6.0860596,7.7691803,-0.6152954,6.0860596,7.7691803,-0.6152954,6.0860596,7.7691803,-0.6152954,6.0860596,7.7691803,297.57867,1039.3688,-2756.7957,3103.9067,0.6375,0.019607844,"[Point(0, 0), Point(1, 0), Point(2, 0), Point(1, 1), Point(0, 2)]",22
,,,,,,,,,,,,,,,,,,,,,,,,,,
17622961,-0.79725647,6.1291504,8.348572,9.739685,-7.0266724,-10.070801,9.739685,-7.0266724,-10.070801,9.739685,-7.0266724,-10.070801,-0.01914978,-0.06793213,0.7881317,-0.01914978,-0.06793213,0.7881317,167,1186,0,0,0.22500001,0.003921569,"[Point(0, 0), Point(1, 0), Point(2, 0), Point(1, 1), Point(0, 2)]",23
17623342,-0.98880005,6.4451904,7.6590424,-0.98880005,6.4451904,7.6590424,-0.98880005,6.4451904,7.6590424,-0.98880005,6.4451904,7.6590424,-0.106536865,0.03994751,0.2859497,-0.106536865,0.03994751,0.2859497,207,245,0,0,0.4625,0.011764707,"[Point(0, 0), Point(1, 0), Point(2, 0), Point(1, 1), Point(0, 2)]",23
17623342,-0.98880005,6.4451904,7.6590424,-0.98880005,6.4451904,7.6590424,-0.98880005,6.4451904,7.6590424,-0.98880005,6.4451904,7.6590424,-0.106536865,0.03994751,0.2859497,-0.106536865,0.03994751,0.2859497,207,245,0,0,0.4625,0.011764707,"[Point(0, 0), Point(1, 0), Point(2, 0), Point(1, 1), Point(0, 2)]",23
17623485,-1.3144073,6.689392,8.228867,9.391785,-5.635071,-9.736633,9.391785,-5.635071,-9.736633,9.391785,-5.635071,-9.736633,9.391785,-5.635071,-9.736633,9.391785,-5.635071,-9.736633,617.0425,221.9967,7014.8105,-494.62344,0.825,0.019607844,"[Point(0, 0), Point(1, 0), Point(2, 0), Point(1, 1), Point(0, 2)]",23
17623552,-0.5530548,6.1961823,7.5201874,-0.5530548,6.1961823,7.5201874,-0.5530548,6.1961823,7.5201874,-0.5530548,6.1961823,7.5201874,-0.5530548,6.1961823,7.5201874,-0.5530548,6.1961823,7.5201874,1037.4144,176.17615,4727.9663,-524.8615,0.825,0.019607844,"[Point(0, 0), Point(1, 0), Point(2, 0), Point(1, 1), Point(0, 2)]",23
17623769,-0.55784607,6.3206787,7.4531403,-0.55784607,6.3206787,7.4531403,-0.55784607,6.3206787,7.4531403,-0.55784607,6.3206787,7.4531403,-0.55784607,6.3206787,7.4531403,-0.55784607,6.3206787,7.4531403,724.4984,623.6754,-5988.9966,5467.9355,0.825,0.019607844,"[Point(0, 0), Point(1, 0), Point(2, 0), Point(1, 1), Point(0, 2)]",23
17623869,-0.64881897,6.162674,7.716507,9.913635,-5.11322,-10.571289,9.913635,-5.11322,-10.571289,9.913635,-5.11322,-10.571289,9.913635,-5.11322,-10.571289,9.913635,-5.11322,-10.571289,325.19327,1068.0948,-1363.3943,1928.8977,0.825,0.023529414,"[Point(0, 0), Point(1, 0), Point(2, 0), Point(1, 1), Point(0, 2)]",23
,,,,,,,,,,,,,,,,,,,,,,,,,,
17624101,-0.63446045,5.942398,7.879303,-0.63446045,5.942398,7.879303,-0.63446045,5.942398,7.879303,-0.63446045,5.942398,7.879303,-0.63446045,5.942398,7.879303,-0.63446045,5.942398,7.879303,265.80307,1166,0,0,0.2375,0.003921569,"[Point(0, 0), Point(1, 0), Point(2, 0), Point(1, 1), Point(0, 2)]",24
17624482,-0.73501587,6.2727966,7.64946,-0.73501587,6.2727966,7.64946,0.12037659,0.061767578,-0.0010681152,0.12037659,0.061767578,-0.0010681152,0.15635681,-0.1131134,0.2606659,0.15635681,-0.1131134,0.2606659,214,307,0,0,0.425,0.007843138,"[Point(0, 0), Point(1, 0), Point(2, 0), Point(1, 1), Point(0, 2)]",24
17624482,-0.73501587,6.2727966,7.64946,-0.73501587,6.2727966,7.64946,0.12037659,0.061767578,-0.0010681152,0.12037659,0.061767578,-0.0010681152,0.15635681,-0.1131134,0.2606659,0.15635681,-0.1131134,0.2606659,214,307,0,0,0.425,0.007843138,"[Point(0, 0), Point(1, 0), Point(2, 0), Point(1, 1), Point(0, 2)]",24
17624604,-1.1372375,6.373352,7.3956757,8.172607,-5.809021,-10.571289,8.172607,-5.809021,-10.571289,8.172607,-5.809021,-10.571289,8.172607,-5.809021,-10.571289,8.172607,-5.809021,-10.571289,589.0623,277.76447,6837.557,-521.49493,0.85,0.023529414,"[Point(0, 0), Point(1, 0), Point(2, 0), Point(1, 1), Point(0, 2)]",24
17624687,-1.1994934,6.387726,7.64946,-1.1994934,6.387726,7.64946,-1.1994934,6.387726,7.64946,-1.1994934,6.387726,7.64946,-1.1994934,6.387726,7.64946,-1.1994934,6.387726,7.64946,1092.6483,232.19531,3919.0715,-393.3875,0.85,0.019607844,"[Point(0, 0), Point(1, 0), Point(2, 0), Point(1, 1), Point(0, 2)]",24
17624871,-0.9840088,6.258438,7.328644,-0.9840088,6.258438,7.328644,-0.9840088,6.258438,7.328644,-0.9840088,6.258438,7.328644,-0.9840088,6.258438,7.328644,-0.9840088,6.258438,7.328644,810.4561,621.28345,-6908.038,5994.673,0.85,0.019607844,"[Point(0, 0), Point(1, 0), Point(2, 0), Point(1, 1), Point(0, 2)]",24
17624971,-0.5051727,6.119568,7.668625,-0.5051727,6.119568,7.668625,-0.5051727,6.119568,7.668625,0.25297546,0.2246399,0.5262909,0.25297546,0.2246399,0.5262909,0.25297546,0.2246399,0.5262909,366.35272,1083.4259,-2070.821,2868.6516,0.85,0.015686275,"[Point(0, 0), Point(1, 0), Point(2, 0), Point(1, 1), Point(0, 2)]",24
,,,,,,,,,,,,,,,,,,,,,,,,,,
17625171,-0.86909485,6.052536,8.358154,-0.86909485,6.052536,8.358154,-0.86909485,6.052536,8.358154,0.25180054,0.22207642,0.52693176,0.25180054,0.22207642,0.52693176,0.25180054,0.22207642,0.52693176,281,1206,0,0,0.575,0.007843138,"[Point(0, 0), Point(1, 0), Point(2, 0), Point(1, 1), Point(0, 2)]",25
17625579,-0.93133545,6.46434,7.5058136,-0.93133545,6.46434,7.5058136,-0.93133545,6.46434,7.5058136,-0.93133545,6.46434,7.5058136,-0.93133545,6.46434,7.5058136,-0.93133545,6.46434,7.5058136,237,280,0,0,0.5625,0.015686275,"[Point(0, 0), Point(1, 0), Point(2, 0), Point(1, 1), Point(0, 2)]",25
17625579,-0.93133545,6.46434,7.5058136,-0.93133545,6.46434,7.5058136,-0.93133545,6.46434,7.5058136,-0.93133545,6.46434,7.5058136,-0.93133545,6.46434,7.5058136,-0.93133545,6.46434,7.5058136,237,280,0,0,0.5625,0.015686275,"[Point(0, 0), Point(1, 0), Point(2, 0), Point(1, 1), Point(0, 2)]",25
17625722,-0.78289795,6.368576,6.87854,-0.78289795,6.368576,6.87854,-0.78289795,6.368576,6.87854,-0.78289795,6.368576,6.87854,-0.78289795,6.368576,6.87854,-0.78289795,6.368576,6.87854,626.89044,206.01825,6444.1714,-1035.7433,0.83750004,0.019607844,"[Point(0, 0), Point(1, 0), Point(2, 0), Point(1, 1), Point(0, 2)]",25
17625822,-1.3191986,6.48349,7.9272003,-1.3191986,6.48349,7.9272003,-0.060699463,-0.017044067,0.029800415,-0.060699463,-0.017044067,0.029800415,-0.30659485,0.23492432,0.4372406,-0.30659485,0.23492432,0.4372406,1045.3193,160.54865,1757.7356,-131.29211,0.83750004,0.023529414,"[Point(0, 0), Point(1, 0), Point(2, 0), Point(1, 1), Point(0, 2)]",25
17626022,-0.7110748,6.301529,7.783539,-0.7110748,6.301529,7.783539,-0.14912415,-0.083099365,0.13206482,-0.14912415,-0.083099365,0.13206482,0.13885498,0.13825989,0.2032013,0.13885498,0.13825989,0.2032013,736.5629,617.10974,-4932.0605,4801.892,0.83750004,0.019607844,"[Point(0, 0), Point(1, 0), Point(2, 0), Point(1, 1), Point(0, 2)]",25
17626139,-0.55784607,6.3159027,7.716507,-0.55784607,6.3159027,7.716507,-0.55784607,6.3159027,7.716507,-0.55784607,6.3159027,7.716507,-0.55784607,6.3159027,7.716507,-0.55784607,6.3159027,7.716507,325.5079,1075.2244,-1886.721,2147.804,0.83750004,0.023529414,"[Point(0, 0), Point(1, 0), Point(2, 0), Point(1, 1), Point(0, 2)]",25
,,,,,,,,,,,,,,,,,,,,,,,,,,
17626361,-0.6009369,6.1818237,8.420395,-0.6009369,6.1818237,8.420395,-0.6009369,6.1818237,8.420395,-0.6009369,6.1818237,8.420395,-0.6009369,6.1818237,8.420395,-0.6009369,6.1818237,8.420395,222,1207,0,0,0.5,0.007843138,"[Point(0, 0), Point(1, 0), Point(2, 0), Point(1, 1), Point(0, 2)]",26
17626731,-0.8978119,6.253647,7.6398926,-0.8978119,6.253647,7.6398926,-0.8978119,6.253647,7.6398926,-0.8978119,6.253647,7.6398926,-0.8978119,6.253647,7.6398926,-0.8978119,6.253647,7.6398926,238,286,0,0,0.6,0.015686275,"[Point(0, 0), Point(1, 0), Point(2, 0), Point(1, 1), Point(0, 2)]",26
17626731,-0.8978119,6.253647,7.6398926,-0.8978119,6.253647,7.6398926,-0.8978119,6.253647,7.6398926,-0.8978119,6.253647,7.6398926,-0.8978119,6.253647,7.6398926,-0.8978119,6.253647,7.6398926,238,286,0,0,0.6,0.015686275,"[Point(0, 0), Point(1, 0), Point(2, 0), Point(1, 1), Point(0, 2)]",26
17626840,-0.9792175,6.3350525,7.9319763,-0.9792175,6.3350525,7.9319763,-0.9792175,6.3350525,7.9319763,-0.9792175,6.3350525,7.9319763,-0.9792175,6.3350525,7.9319763,-0.9792175,6.3350525,7.9319763,551.6432,263.34766,6946.1904,-586.53265,0.8625,0.023529414,"[Point(0, 0), Point(1, 0), Point(2, 0), Point(1, 1), Point(0, 2)]",26
17626907,-0.2753296,5.913666,7.333435,-0.2753296,5.913666,7.333435,-0.2753296,5.913666,7.333435,-0.2753296,5.913666,7.333435,-0.2753296,5.913666,7.333435,-0.2753296,5.913666,7.333435,1040.6418,218.1358,6261.9307,-648.9745,0.8625,0.023529414,"[Point(0, 0), Point(1, 0), Point(2, 0), Point(1, 1), Point(0, 2)]",26
17627124,-0.66796875,5.9471893,7.7548065,9.391785,-5.2871704,-11.073303,9.391785,-5.2871704,-11.073303,9.391785,-5.2871704,-11.073303,9.391785,-5.2871704,-11.073303,9.391785,-5.2871704,-11.073303,741.9079,646.68945,-7402.995,6609.686,0.8625,0.019607844,"[Point(0, 0), Point(1, 0), Point(2, 0), Point(1, 1), Point(0, 2)]",26
17627224,-0.31362915,5.7221375,8.018173,-0.31362915,5.7221375,8.018173,-0.31362915,5.7221375,8.018173,-0.31362915,5.7221375,8.018173,-0.31362915,5.7221375,8.018173,-0.31362915,5.7221375,8.018173,301.8572,1088.5356,-2035.9152,2297.1772,0.8625,0.019607844,"[Point(0, 0), Point(1, 0), Point(2, 0), Point(1, 1), Point(0, 2)]",26
,,,,,,,,,,,,,,,,,,,,,,,,,,
17627397,-0.56741333,5.932831,8.310272,-0.56741333,5.932831,8.310272,0.1725769,0.07774353,-0.038360596,0.1725769,0.07774353,-0.038360596,0.1725769,0.07774353,-0.038360596,0.1725769,0.07774353,-0.038360596,221,1191,0,0,0.4625,0.003921569,"[Point(0, 0), Point(1, 0), Point(2, 0), Point(1, 1), Point(0, 2)]",27
17627821,-1.0558319,6.277588,7.4579315,-1.0558319,6.277588,7.4579315,-1.0558319,6.277588,7.4579315,0.25454712,0.23262024,0.5410309,0.25454712,0.23262024,0.5410309,0.25454712,0.23262024,0.5410309,197,284,0,0,0.26250002,0.003921569,"[Point(0, 0), Point(1, 0), Point(2, 0), Point(1, 1), Point(0, 2)]",27
17627821,-1.0558319,6.277588,7.4579315,-1.0558319,6.277588,7.4579315,-1.0558319,6.277588,7.4579315,0.25454712,0.23262024,0.5410309,0.25454712,0.23262024,0.5410309,0.25454712,0.23262024,0.5410309,197,284,0,0,0.26250002,0.003921569,"[Point(0, 0), Point(1, 0), Point(2, 0), Point(1, 1), Point(0, 2)]",27
17627959,-0.62008667,6.3589935,7.7452393,-0.62008667,6.3589935,7.7452393,0.028762817,0.07455444,-0.008529663,0.028762817,0.07455444,-0.008529663,0.028762817,0.07455444,-0.008529663,0.028762817,0.07455444,-0.008529663,622.6729,245.18958,7345.1006,-1109.2203,0.90000004,0.015686275,"[Point(0, 0), Point(1, 0), Point(2, 0), Point(1, 1), Point(0, 2)]",27
17628026,-0.8020477,6.3206787,7.836212,-0.8020477,6.3206787,7.836212,-0.8020477,6.3206787,7.836212,0.24656677,0.23254395,0.54319763,0.24656677,0.23254395,0.54319763,0.24656677,0.23254395,0.54319763,1048.1774,211.54901,3288.737,-128.03857,0.90000004,0.015686275,"[Point(0, 0), Point(1, 0), Point(2, 0), Point(1, 1), Point(0, 2)]",27
17628243,-0.5434723,6.258438,7.5536957,8.520508,-6.1569214,-9.90448,8.520508,-6.1569214,-9.90448,8.520508,-6.1569214,-9.90448,8.520508,-6.1569214,-9.90448,8.520508,-6.1569214,-9.90448,774.0039,659.4182,-5935.1074,6027.7637,0.90000004,0.023529414,"[Point(0, 0), Point(1, 0), Point(2, 0), Point(1, 1), Point(0, 2)]",27
17628359,-0.3950348,5.779602,7.9511414,-0.3950348,5.779602,7.9511414,-0.11608887,-0.030899048,-0.038360596,-0.11608887,-0.030899048,-0.038360596,-0.11608887,-0.030899048,-0.038360596,-0.11608887,-0.030899048,-0.038360596,368.5689,1104.7888,-1590.4153,1963.4855,0.90000004,0.023529414,"[Point(0, 0), Point(1, 0), Point(2, 0), Point(1, 1), Point(0, 2)]",27
,,,,,,,,,,,,,,,,,,,,,,,,,,
17628580,-0.5722046,5.9711304,8.645462,-0.5722046,5.9711304,8.645462,0.028762817,0.09159851,-0.0010681152,0.028762817,0.09159851,-0.0010681152,0.028762817,0.09159851,-0.0010681152,0.028762817,0.09159851,-0.0010681152,292,1210,0,0,0.2875,0.007843138,"[Point(0, 0), Point(1, 0), Point(2, 0), Point(1, 1), Point(0, 2)]",28
17629036,-0.8643036,6.32547,7.5489044,-0.8643036,6.32547,7.5489044,-0.8643036,6.32547,7.5489044,-0.8643036,6.32547,7.5489044,-0.8643036,6.32547,7.5489044,-0.8643036,6.32547,7.5489044,236,279,0,0,0.58750004,0.015686275,"[Point(0, 0), Point(1, 0), Point(2, 0), Point(1, 1), Point(0, 2)]",28
17629036,-0.8643036,6.32547,7.5489044,-0.8643036,6.32547,7.5489044,-0.8643036,6.32547,7.5489044,-0.8643036,6.32547,7.5489044,-0.8643036,6.32547,7.5489044,-0.8643036,6.32547,7.5489044,236,279,0,0,0.58750004,0.015686275,"[Point(0, 0), Point(1, 0), Point(2, 0), Point(1, 1), Point(0, 2)]",28
17629143,-1.1899109,6.4308167,8.085205,8.695984,-4.2419434,-10.404968,8.695984,-4.2419434,-10.404968,8.695984,-4.2419434,-10.404968,8.695984,-4.2419434,-10.404968,8.695984,-4.2419434,-10.404968,569.20154,284,6551.6836,-64.81386,0.58750004,0.019607844,"[Point(0, 0), Point(1, 0), Point(2, 0), Point(1, 1), Point(0, 2)]",28
17629227,-0.3040619,5.846634,7.491455,-0.3040619,5.846634,7.491455,-0.3040619,5.846634,7.491455,-0.3040619,5.846634,7.491455,-0.3040619,5.846634,7.491455,-0.3040619,5.846634,7.491455,1065.2117,250.7273,3388.9783,-330.6303,0.58750004,0.019607844,"[Point(0, 0), Point(1, 0), Point(2, 0), Point(1, 1), Point(0, 2)]",28
17629411,-0.79248047,6.1770325,7.6111603,-0.79248047,6.1770325,7.6111603,-0.79248047,6.1770325,7.6111603,-0.79248047,6.1770325,7.6111603,-0.79248047,6.1770325,7.6111603,-0.79248047,6.1770325,7.6111603,800.2286,621.31226,-7769.016,6985.2974,0.58750004,0.019607844,"[Point(0, 0), Point(1, 0), Point(2, 0), Point(1, 1), Point(0, 2)]",28
17629528,-0.41418457,6.1291504,7.78833,-0.41418457,6.1291504,7.78833,-0.09692383,-0.02557373,-0.0138549805,-0.09692383,-0.02557373,-0.0138549805,-0.09692383,-0.02557373,-0.0138549805,-0.09692383,-0.02557373,-0.0138549805,317.89328,1089.7467,-1602.1311,2039.4469,0.58750004,0.019607844,"[Point(0, 0), Point(1, 0), Point(2, 0), Point(1, 1), Point(0, 2)]",28
,,,,,,,,,,,,,,,,,,,,,,,,,,
17629732,-0.46206665,6.550522,7.9990234,-0.46206665,6.550522,7.9990234,0.16299438,-0.027694702,0.02128601,0.16299438,-0.027694702,0.02128601,0.16299438,-0.027694702,0.02128601,0.16299438,-0.027694702,0.02128601,251,1189,0,0,0.2875,0.007843138,"[Point(0, 0), Point(1, 0), Point(2, 0), Point(1, 1), Point(0, 2)]",29
17630096,-0.7781067,6.349411,7.673416,8.869934,-5.11322,-10.571289,8.869934,-5.11322,-10.571289,8.869934,-5.11322,-10.571289,8.869934,-5.11322,-10.571289,8.869934,-5.11322,-10.571289,221,279,0,0,0.725,0.015686275,"[Point(0, 0), Point(1, 0), Point(2, 0), Point(1, 1), Point(0, 2)]",29
17630096,-0.7781067,6.349411,7.673416,8.869934,-5.11322,-10.571289,8.869934,-5.11322,-10.571289,8.869934,-5.11322,-10.571289,8.869934,-5.11322,-10.571289,8.869934,-5.11322,-10.571289,221,279,0,0,0.725,0.015686275,"[Point(0, 0), Point(1, 0), Point(2, 0), Point(1, 1), Point(0, 2)]",29
17630212,-1.1947021,6.4499664,8.056488,-1.1947021,6.4499664,8.056488,-1.1947021,6.4499664,8.056488,-1.1947021,6.4499664,8.056488,-0.37857056,0.27397156,0.48287964,-0.37857056,0.27397156,0.48287964,547.7788,242.75098,6450.277,-1039.7185,0.725,0.023529414,"[Point(0, 0), Point(1, 0), Point(2, 0), Point(1, 1), Point(0, 2)]",29
17630295,-1.122879,6.4068756,7.702133,-1.122879,6.4068756,7.702133,-1.122879,6.4068756,7.702133,-1.122879,6.4068756,7.702133,-1.122879,6.4068756,7.702133,-1.122879,6.4068756,7.702133,1050.1613,171.55994,3431.3657,-34.47185,0.725,0.019607844,"[Point(0, 0), Point(1, 0), Point(2, 0), Point(1, 1), Point(0, 2)]",29
17630512,-0.509964,6.1100006,7.4148407,-0.509964,6.1100006,7.4148407,-0.09371948,-0.014923096,0.08306885,0.2434082,0.23234558,0.562088,0.2434082,0.23234558,0.562088,0.2434082,0.23234558,0.562088,765.34143,615.5842,-5191.691,4748.5107,0.725,0.019607844,"[Point(0, 0), Point(1, 0), Point(2, 0), Point(1, 1), Point(0, 2)]",29
17630629,-0.5817871,6.119568,8.070847,-0.5817871,6.119568,8.070847,-0.5817871,6.119568,8.070847,-0.5817871,6.119568,8.070847,-0.5817871,6.119568,8.070847,-0.5817871,6.119568,8.070847,312.3887,1092.095,-1981.227,2148.8342,0.725,0.019607844,"[Point(0, 0), Point(1, 0), Point(2, 0), Point(1, 1), Point(0, 2)]",29
,,,,,,,,,,,,,,,,,,,,,,,,,,
17630809,-0.67276,6.205765,7.994232,9.391785,-6.3308716,-11.073303,9.391785,-6.3308716,-11.073303,9.391785,-6.3308716,-11.073303,9.391785,-6.3308716,-11.073303,9.391785,-6.3308716,-11.073303,224,1198,0,0,0.2875,0.007843138,"[Point(0, 0), Point(1, 0), Point(2, 0), Point(1, 1), Point(0, 2)]",30
17631265,-1.0510406,6.2632294,7.8218536,-1.0510406,6.2632294,7.8218536,-1.0510406,6.2632294,7.8218536,-1.0510406,6.2632294,7.8218536,-1.0510406,6.2632294,7.8218536,-1.0510406,6.2632294,7.8218536,297,301,0,0,0.5375,0.011764707,"[Point(0, 0), Point(1, 0), Point(2, 0), Point(1, 1), Point(0, 2)]",30
17631265,-1.0510406,6.2632294,7.8218536,-1.0510406,6.2632294,7.8218536,-1.0510406,6.2632294,7.8218536,-1.0510406,6.2632294,7.8218536,-1.0510406,6.2632294,7.8218536,-1.0510406,6.2632294,7.8218536,297,301,0,0,0.5375,0.011764707,"[Point(0, 0), Point(1, 0), Point(2, 0), Point(1, 1), Point(0, 2)]",30
17631363,-0.97442627,6.531372,7.831421,-0.97442627,6.531372,7.831421,-0.97442627,6.531372,7.831421,-0.97442627,6.531372,7.831421,-0.15322876,0.3256073,0.2828064,-0.15322876,0.3256073,0.2828064,599.92676,266.43604,6404.4014,-653.5471,0.825,0.019607844,"[Point(0, 0), Point(1, 0), Point(2, 0), Point(1, 1), Point(0, 2)]",30
17631430,-0.4381256,6.1339417,7.606369,-0.4381256,6.1339417,7.606369,-0.4381256,6.1339417,7.606369,-0.4381256,6.1339417,7.606369,-0.4381256,6.1339417,7.606369,-0.4381256,6.1339417,7.606369,1062.259,217.97125,5704.1143,-692.1138,0.825,0.023529414,"[Point(0, 0), Point(1, 0), Point(2, 0), Point(1, 1), Point(0, 2)]",30
17631630,-0.9217529,6.143509,7.199356,-0.9217529,6.143509,7.199356,-0.9217529,6.143509,7.199356,-0.9217529,6.143509,7.199356,-0.9217529,6.143509,7.199356,-0.9217529,6.143509,7.199356,833.2138,591.5762,-6508.6865,5596.2573,0.825,0.015686275,"[Point(0, 0), Point(1, 0), Point(2, 0), Point(1, 1), Point(0, 2)]",30
17631731,-0.4333496,5.9280396,8.133102,-0.4333496,5.9280396,8.133102,-0.4333496,5.9280396,8.133102,-0.4333496,5.9280396,8.133102,-0.4333496,5.9280396,8.133102,-0.4333496,5.9280396,8.133102,326.48337,1114.1282,-2953.9192,3468.1174,0.825,0.023529414,"[Point(0, 0), Point(1, 0), Point(2, 0), Point(1, 1), Point(0, 2)]",30
,,,,,,,,,,,,,,,,,,,,,,,,,,
17631884,-0.90260315,6.119568,7.606369,8.346558,-5.982971,-11.073303,8.346558,-5.982971,-11.073303,8.346558,-5.982971,-11.073303,8.346558,-5.982971,-11.073303,8.346558,-5.982971,-11.073303,255,1219,0,0,0.5625,0.015686275,"[Point(0, 0), Point(1, 0), Point(2, 0), Point(1, 1), Point(0, 2)]",31
17632300,-0.9265442,6.2009735,7.7739716,-0.9265442,6.2009735,7.7739716,0.067108154,0.04258728,0.011703491,0.067108154,0.04258728,0.011703491,0.067108154,0.04258728,0.011703491,0.067108154,0.04258728,0.011703491,224,305,0,0,0.425,0.007843138,"[Point(0, 0), Point(1, 0), Point(2, 0), Point(1, 1), Point(0, 2)]",31
17632300,-0.9265442,6.2009735,7.7739716,-0.9265442,6.2009735,7.7739716,0.067108154,0.04258728,0.011703491,0.067108154,0.04258728,0.011703491,0.067108154,0.04258728,0.011703491,0.067108154,0.04258728,0.011703491,224,305,0,0,0.425,0.007843138,"[Point(0, 0), Point(1, 0), Point(2, 0), Point(1, 1), Point(0, 2)]",31
17632432,-1.0175323,6.32547,8.338989,9.043884,-5.2871704,-11.073303,9.043884,-5.2871704,-11.073303,9.043884,-5.2871704,-11.073303,9.043884,-5.2871704,-11.073303,9.043884,-5.2871704,-11.073303,578.69824,268.09393,6197.225,-645.29004,0.825,0.015686275,"[Point(0, 0), Point(1, 0), Point(2, 0), Point(1, 1), Point(0, 2)]",31
17632515,-1.1851196,6.4020844,8.051697,-1.1851196,6.4020844,8.051697,-1.1851196,6.4020844,8.051697,-1.1851196,6.4020844,8.051697,-1.1851196,6.4020844,8.051697,-1.1851196,6.4020844,8.051697,1065.2323,229.22162,4573.772,-268.9587,0.825,0.023529414,"[Point(0, 0), Point(1, 0), Point(2, 0), Point(1, 1), Point(0, 2)]",31
17632732,-0.6823425,6.0860596,7.4339905,-0.6823425,6.0860596,7.4339905,-0.6823425,6.0860596,7.4339905,-0.6823425,6.0860596,7.4339905,-0.6823425,6.0860596,7.4339905,-0.6823425,6.0860596,7.4339905,735.9574,650.7959,-7863.547,6096.905,0.825,0.019607844,"[Point(0, 0), Point(1, 0), Point(2, 0), Point(1, 1), Point(0, 2)]",31
17632832,-0.62008667,5.985504,7.644684,11.653137,-5.809021,-12.242126,11.653137,-5.809021,-12.242126,0.2323761,0.23701477,0.572525,0.2323761,0.23701477,0.572525,0.2323761,0.23701477,0.572525,311.65802,1048.6104,-1497.9066,1832.774,0.825,0.023529414,"[Point(0, 0), Point(1, 0), Point(2, 0), Point(1, 1), Point(0, 2)]",31
,,,,,,,,,,,,,,,,,,,,,,,,,,
17633004,-0.51953125,6.46434,7.826645,11.131287,-4.93927,-11.407471,11.131287,-4.93927,-11.407471,0.2340393,0.2383728,0.56903076,0.2340393,0.2383728,0.56903076,0.2340393,0.2383728,0.56903076,205,1176,0,0,0.475,0.003921569,"[Point(0, 0), Point(1, 0), Point(2, 0), Point(1, 1), Point(0, 2)]",32
17633400,-1.0031586,6.2919617,7.826645,-1.0031586,6.2919617,7.826645,-1.0031586,6.2919617,7.826645,0.23849487,0.24295044,0.5658722,0.23849487,0.24295044,0.5658722,0.23849487,0.24295044,0.5658722,259,297,0,0,0.38750002,0.007843138,"[Point(0, 0), Point(1, 0), Point(2, 0), Point(1, 1), Point(0, 2)]",32
17633400,-1.0031586,6.2919617,7.826645,-1.0031586,6.2919617,7.826645,-1.0031586,6.2919617,7.826645,0.23849487,0.24295044,0.5658722,0.23849487,0.24295044,0.5658722,0.23849487,0.24295044,0.5658722,259,297,0,0,0.38750002,0.007843138,"[Point(0, 0), Point(1, 0), Point(2, 0), Point(1, 1), Point(0, 2)]",32
17633516,-1.1132965,6.30632,7.9655,-1.1132965,6.30632,7.9655,-1.1132965,6.30632,7.9655,-1.1132965,6.30632,7.9655,-1.1132965,6.30632,7.9655,-1.1132965,6.30632,7.9655,582.5982,262.96014,5802.057,-395.6768,0.7875,0.015686275,"[Point(0, 0), Point(1, 0), Point(2, 0), Point(1, 1), Point(0, 2)]",32
17633600,-0.51953125,5.99028,7.2999115,-0.51953125,5.99028,7.2999115,-0.51953125,5.99028,7.2999115,0.23440552,0.24507141,0.5650635,0.23440552,0.24507141,0.5650635,0.23440552,0.24507141,0.5650635,1087.4209,212.63599,4544.6743,-648.2214,0.7875,0.015686275,"[Point(0, 0), Point(1, 0), Point(2, 0), Point(1, 1), Point(0, 2)]",32
17633800,-0.9935913,6.033386,7.036545,-0.9935913,6.033386,7.036545,-0.9935913,6.033386,7.036545,0.23660278,0.24519348,0.56411743,0.23660278,0.24519348,0.56411743,0.23660278,0.24519348,0.56411743,818.0173,569.6528,-7698.935,6221.789,0.7875,0.015686275,"[Point(0, 0), Point(1, 0), Point(2, 0), Point(1, 1), Point(0, 2)]",32
17633900,-0.8786621,6.1052094,7.7117157,11.479187,-4.93927,-11.073303,11.479187,-4.93927,-11.073303,11.479187,-4.93927,-11.073303,11.479187,-4.93927,-11.073303,11.479187,-4.93927,-11.073303,308.52505,1053.7583,-2408.765,2720.0757,0.7875,0.023529414,"[Point(0, 0), Point(1, 0), Point(2, 0), Point(1, 1), Point(0, 2)]",32
,,,,,,,,,,,,,,,,,,,,,,,,,,
17634065,-1.1611786,6.253647,7.759598,-1.1611786,6.253647,7.759598,0.15020752,0.04046631,-0.050079346,0.15020752,0.04046631,-0.050079346,-0.15830994,0.13316345,0.16339111,-0.15830994,0.13316345,0.16339111,208.9745,1165.9235,0,0,0.5,0.003921569,"[Point(0, 0), Point(1, 0), Point(2, 0), Point(1, 1), Point(0, 2)]",33
17634463,-1.098938,6.234497,7.7787476,10.609436,-6.1569214,-10.571289,10.609436,-6.1569214,-10.571289,10.609436,-6.1569214,-10.571289,10.609436,-6.1569214,-10.571289,10.609436,-6.1569214,-10.571289,255,285,0,0,0.4375,0.015686275,"[Point(0, 0), Point(1, 0), Point(2, 0), Point(1, 1), Point(0, 2)]",33
17634463,-1.098938,6.234497,7.7787476,10.609436,-6.1569214,-10.571289,10.609436,-6.1569214,-10.571289,10.609436,-6.1569214,-10.571289,10.609436,-6.1569214,-10.571289,10.609436,-6.1569214,-10.571289,255,285,0,0,0.4375,0.015686275,"[Point(0, 0), Point(1, 0), Point(2, 0), Point(1, 1), Point(0, 2)]",33
17634601,-1.0606232,6.368576,7.462723,-1.0606232,6.368576,7.462723,-1.0606232,6.368576,7.462723,-1.0606232,6.368576,7.462723,-1.0606232,6.368576,7.462723,-1.0606232,6.368576,7.462723,623.5564,244.27203,6359.4834,-385.53265,0.8125,0.019607844,"[Point(0, 0), Point(1, 0), Point(2, 0), Point(1, 1), Point(0, 2)]",33
17634668,-0.9935913,6.119568,7.850586,11.131287,-4.93927,-10.739136,11.131287,-4.93927,-10.739136,11.131287,-4.93927,-10.739136,11.131287,-4.93927,-10.739136,11.131287,-4.93927,-10.739136,1037.4502,219.00323,3841.1616,-224.80577,0.8125,0.023529414,"[Point(0, 0), Point(1, 0), Point(2, 0), Point(1, 1), Point(0, 2)]",33
17634885,-1.1515961,6.2201233,7.644684,-1.1515961,6.2201233,7.644684,-1.1515961,6.2201233,7.644684,-1.1515961,6.2201233,7.644684,-1.1515961,6.2201233,7.644684,-1.1515961,6.2201233,7.644684,738.9541,647.59216,-6767.862,6060.532,0.8125,0.015686275,"[Point(0, 0), Point(1, 0), Point(2, 0), Point(1, 1), Point(0, 2)]",33
17634985,-0.59135437,5.894516,7.9128265,-0.59135437,5.894516,7.9128265,-0.59135437,5.894516,7.9128265,-0.59135437,5.894516,7.9128265,-0.59135437,5.894516,7.9128265,-0.59135437,5.894516,7.9128265,320.782,1093.5504,-1764.7672,2120.5112,0.8125,0.019607844,"[Point(0, 0), Point(1, 0), Point(2, 0), Point(1, 1), Point(0, 2)]",33
,,,,,,,,,,,,,,,,,,,,,,,,,,
17635183,-1.0127411,6.2967377,7.534546,10.087585,-5.635071,-9.736633,10.087585,-5.635071,-9.736633,10.087585,-5.635071,-9.736633,10.087585,-5.635071,-9.736633,10.087585,-5.635071,-9.736633,250,1191,0,0,0.4125,0.007843138,"[Point(0, 0), Point(1, 0), Point(2, 0), Point(1, 1), Point(0, 2)]",34
17635580,-1.0893555,6.258438,7.644684,9.391785,-5.2871704,-11.073303,9.391785,-5.2871704,-11.073303,9.391785,-5.2871704,-11.073303,-0.10713196,-0.0010375977,0.1598053,-0.10713196,-0.0010375977,0.1598053,225,316,0,0,0.55,0.011764707,"[Point(0, 0), Point(1, 0), Point(2, 0), Point(1, 1), Point(0, 2)]",34
17635580,-1.0893555,6.258438,7.644684,9.391785,-5.2871704,-11.073303,9.391785,-5.2871704,-11.073303,9.391785,-5.2871704,-11.073303,-0.10713196,-0.0010375977,0.1598053,-0.10713196,-0.0010375977,0.1598053,225,316,0,0,0.55,0.011764707,"[Point(0, 0), Point(1, 0), Point(2, 0), Point(1, 1), Point(0, 2)]",34
17635686,-0.9552765,6.277588,7.7691803,-0.9552765,6.277588,7.7691803,-0.9552765,6.277588,7.7691803,0.23796082,0.24349976,0.55940247,0.23796082,0.24349976,0.55940247,0.23796082,0.24349976,0.55940247,551.68024,279.70038,6533.1484,-859.6726,0.8125,0.015686275,"[Point(0, 0), Point(1, 0), Point(2, 0), Point(1, 1), Point(0, 2)]",34
17635769,-0.7110748,6.0477448,7.7548065,9.217834,-5.11322,-9.5703125,9.217834,-5.11322,-9.5703125,9.217834,-5.11322,-9.5703125,0.35957336,-0.12210083,0.20799255,0.35957336,-0.12210083,0.20799255,1048.0244,221.56793,4515.2837,-688.23956,0.8125,0.019607844,"[Point(0, 0), Point(1, 0), Point(2, 0), Point(1, 1), Point(0, 2)]",34
17636003,-0.8595123,6.2392883,7.582428,-0.8595123,6.2392883,7.582428,-0.17149353,-0.078826904,0.0756073,-0.17149353,-0.078826904,0.0756073,-0.17149353,-0.078826904,0.0756073,-0.17149353,-0.078826904,0.0756073,798.48303,626.8889,-6273.5786,6092.2744,0.8125,0.019607844,"[Point(0, 0), Point(1, 0), Point(2, 0), Point(1, 1), Point(0, 2)]",34
17636103,-0.59135437,5.8657837,7.9798737,9.565735,-5.809021,-10.238647,9.565735,-5.809021,-10.238647,9.565735,-5.809021,-10.238647,9.565735,-5.809021,-10.238647,9.565735,-5.809021,-10.238647,358.27655,1109.4244,-1912.5435,2484.3235,0.8125,0.015686275,"[Point(0, 0), Point(1, 0), Point(2, 0), Point(1, 1), Point(0, 2)]",34
